id,survey_number
1,1
2,1/1
3,1/2A
4,1/3
5,1/4A
6,2
7,2/1
8,2/2C
9,2/3
10,2/4B
11,3
12,3/1
13,3/2B
14,3/3
15,3/4B
16,4
17,4/1
18,4/2A
19,4/3
20,4/4A
21,5
22,5/1
23,5/2D
24,5/3
25,5/4A
26,6
27,6/1
28,6/2A
29,6/3
30,6/4A
31,7
32,7/1
33,7/2B
34,7/3
35,7/4B
36,8
37,8/1
38,8/2A
39,8/3
40,8/4B
41,9
42,9/1
43,9/2D
44,9/3
45,9/4B
46,10
47,10/1
48,10/2D
49,10/3
50,10/4C
51,11
52,11/1
53,11/2A
54,11/3
55,11/4B
56,12
57,12/1
58,12/2D
59,12/3
60,12/4C
61,13
62,13/1
63,13/2C
64,13/3
65,13/4B
66,14
67,14/1
68,14/2B
69,14/3
70,14/4C
71,15
72,15/1
73,15/2A
74,15/3
75,15/4A
76,16
77,16/1
78,16/2D
79,16/3
80,16/4A
81,17
82,17/1
83,17/2C
84,17/3
85,17/4C
86,18
87,18/1
88,18/2C
89,18/3
90,18/4A
91,19
92,19/1
93,19/2D
94,19/3
95,19/4A
96,20
97,20/1
98,20/2D
99,20/3
100,20/4A
101,21
102,21/1
103,21/2C
104,21/3
105,21/4C
106,22
107,22/1
108,22/2B
109,22/3
110,22/4A
111,23
112,23/1
113,23/2A
114,23/3
115,23/4B
116,24
117,24/1
118,24/2C
119,24/3
120,24/4A
121,25
122,25/1
123,25/2B
124,25/3
125,25/4A
126,26
127,26/1
128,26/2D
129,26/3
130,26/4C
131,27
132,27/1
133,27/2D
134,27/3
135,27/4C
136,28
137,28/1
138,28/2B
139,28/3
140,28/4C
141,29
142,29/1
143,29/2C
144,29/3
145,29/4B
146,30
147,30/1
148,30/2C
149,30/3
150,30/4A
151,31
152,31/1
153,31/2B
154,31/3
155,31/4B
156,32
157,32/1
158,32/2B
159,32/3
160,32/4D
161,33
162,33/1
163,33/2D
164,33/3
165,33/4C
166,34
167,34/1
168,34/2B
169,34/3
170,34/4C
171,35
172,35/1
173,35/2A
174,35/3
175,35/4B
176,36
177,36/1
178,36/2A
179,36/3
180,36/4C
181,37
182,37/1
183,37/2D
184,37/3
185,37/4C
186,38
187,38/1
188,38/2A
189,38/3
190,38/4B
191,39
192,39/1
193,39/2C
194,39/3
195,39/4B
196,40
197,40/1
198,40/2D
199,40/3
200,40/4D
201,41
202,41/1
203,41/2D
204,41/3
205,41/4B
206,42
207,42/1
208,42/2C
209,42/3
210,42/4B
211,43
212,43/1
213,43/2B
214,43/3
215,43/4C
216,44
217,44/1
218,44/2D
219,44/3
220,44/4D
221,45
222,45/1
223,45/2C
224,45/3
225,45/4B
226,46
227,46/1
228,46/2B
229,46/3
230,46/4D
231,47
232,47/1
233,47/2A
234,47/3
235,47/4A
236,48
237,48/1
238,48/2A
239,48/3
240,48/4B
241,49
242,49/1
243,49/2B
244,49/3
245,49/4D
246,50
247,50/1
248,50/2A
249,50/3
250,50/4D
251,51
252,51/1
253,51/2D
254,51/3
255,51/4D
256,52
257,52/1
258,52/2C
259,52/3
260,52/4A
261,53
262,53/1
263,53/2A
264,53/3
265,53/4C
266,54
267,54/1
268,54/2C
269,54/3
270,54/4A
271,55
272,55/1
273,55/2C
274,55/3
275,55/4D
276,56
277,56/1
278,56/2B
279,56/3
280,56/4D
281,57
282,57/1
283,57/2A
284,57/3
285,57/4C
286,58
287,58/1
288,58/2B
289,58/3
290,58/4A
291,59
292,59/1
293,59/2C
294,59/3
295,59/4B
296,60
297,60/1
298,60/2B
299,60/3
300,60/4C
301,61
302,61/1
303,61/2B
304,61/3
305,61/4A
306,62
307,62/1
308,62/2C
309,62/3
310,62/4D
311,63
312,63/1
313,63/2A
314,63/3
315,63/4A
316,64
317,64/1
318,64/2C
319,64/3
320,64/4C
321,65
322,65/1
323,65/2B
324,65/3
325,65/4A
326,66
327,66/1
328,66/2B
329,66/3
330,66/4A
331,67
332,67/1
333,67/2A
334,67/3
335,67/4D
336,68
337,68/1
338,68/2A
339,68/3
340,68/4B
341,69
342,69/1
343,69/2B
344,69/3
345,69/4D
346,70
347,70/1
348,70/2B
349,70/3
350,70/4C
351,71
352,71/1
353,71/2D
354,71/3
355,71/4B
356,72
357,72/1
358,72/2B
359,72/3
360,72/4C
361,73
362,73/1
363,73/2D
364,73/3
365,73/4C
366,74
367,74/1
368,74/2D
369,74/3
370,74/4D
371,75
372,75/1
373,75/2A
374,75/3
375,75/4B
376,76
377,76/1
378,76/2B
379,76/3
380,76/4A
381,77
382,77/1
383,77/2C
384,77/3
385,77/4A
386,78
387,78/1
388,78/2B
389,78/3
390,78/4B
391,79
392,79/1
393,79/2A
394,79/3
395,79/4A
396,80
397,80/1
398,80/2A
399,80/3
400,80/4B
401,81
402,81/1
403,81/2A
404,81/3
405,81/4A
406,82
407,82/1
408,82/2C
409,82/3
410,82/4A
411,83
412,83/1
413,83/2B
414,83/3
415,83/4C
416,84
417,84/1
418,84/2D
419,84/3
420,84/4B
421,85
422,85/1
423,85/2B
424,85/3
425,85/4D
426,86
427,86/1
428,86/2B
429,86/3
430,86/4D
431,87
432,87/1
433,87/2D
434,87/3
435,87/4B
436,88
437,88/1
438,88/2A
439,88/3
440,88/4A
441,89
442,89/1
443,89/2D
444,89/3
445,89/4C
446,90
447,90/1
448,90/2D
449,90/3
450,90/4D
451,91
452,91/1
453,91/2D
454,91/3
455,91/4A
456,92
457,92/1
458,92/2A
459,92/3
460,92/4A
461,93
462,93/1
463,93/2D
464,93/3
465,93/4C
466,94
467,94/1
468,94/2A
469,94/3
470,94/4B
471,95
472,95/1
473,95/2B
474,95/3
475,95/4B
476,96
477,96/1
478,96/2D
479,96/3
480,96/4B
481,97
482,97/1
483,97/2D
484,97/3
485,97/4B
486,98
487,98/1
488,98/2C
489,98/3
490,98/4D
491,99
492,99/1
493,99/2B
494,99/3
495,99/4A
496,100
497,100/1
498,100/2D
499,100/3
500,100/4A
501,101
502,101/1
503,101/2A
504,101/3
505,101/4A
506,102
507,102/1
508,102/2A
509,102/3
510,102/4B
511,103
512,103/1
513,103/2B
514,103/3
515,103/4D
516,104
517,104/1
518,104/2D
519,104/3
520,104/4D
521,105
522,105/1
523,105/2B
524,105/3
525,105/4D
526,106
527,106/1
528,106/2A
529,106/3
530,106/4B
531,107
532,107/1
533,107/2D
534,107/3
535,107/4A
536,108
537,108/1
538,108/2D
539,108/3
540,108/4C
541,109
542,109/1
543,109/2D
544,109/3
545,109/4C
546,110
547,110/1
548,110/2D
549,110/3
550,110/4D
551,111
552,111/1
553,111/2B
554,111/3
555,111/4B
556,112
557,112/1
558,112/2C
559,112/3
560,112/4B
561,113
562,113/1
563,113/2A
564,113/3
565,113/4A
566,114
567,114/1
568,114/2C
569,114/3
570,114/4A
571,115
572,115/1
573,115/2A
574,115/3
575,115/4D
576,116
577,116/1
578,116/2B
579,116/3
580,116/4A
581,117
582,117/1
583,117/2A
584,117/3
585,117/4B
586,118
587,118/1
588,118/2A
589,118/3
590,118/4A
591,119
592,119/1
593,119/2B
594,119/3
595,119/4D
596,120
597,120/1
598,120/2A
599,120/3
600,120/4B
601,121
602,121/1
603,121/2A
604,121/3
605,121/4A
606,122
607,122/1
608,122/2D
609,122/3
610,122/4C
611,123
612,123/1
613,123/2C
614,123/3
615,123/4B
616,124
617,124/1
618,124/2C
619,124/3
620,124/4B
621,125
622,125/1
623,125/2C
624,125/3
625,125/4D
626,126
627,126/1
628,126/2B
629,126/3
630,126/4C
631,127
632,127/1
633,127/2D
634,127/3
635,127/4C
636,128
637,128/1
638,128/2A
639,128/3
640,128/4A
641,129
642,129/1
643,129/2D
644,129/3
645,129/4A
646,130
647,130/1
648,130/2A
649,130/3
650,130/4B
651,131
652,131/1
653,131/2C
654,131/3
655,131/4B
656,132
657,132/1
658,132/2C
659,132/3
660,132/4A
661,133
662,133/1
663,133/2B
664,133/3
665,133/4C
666,134
667,134/1
668,134/2C
669,134/3
670,134/4B
671,135
672,135/1
673,135/2D
674,135/3
675,135/4C
676,136
677,136/1
678,136/2A
679,136/3
680,136/4C
681,137
682,137/1
683,137/2A
684,137/3
685,137/4B
686,138
687,138/1
688,138/2C
689,138/3
690,138/4A
691,139
692,139/1
693,139/2A
694,139/3
695,139/4B
696,140
697,140/1
698,140/2C
699,140/3
700,140/4C
701,141
702,141/1
703,141/2B
704,141/3
705,141/4C
706,142
707,142/1
708,142/2B
709,142/3
710,142/4C
711,143
712,143/1
713,143/2D
714,143/3
715,143/4C
716,144
717,144/1
718,144/2A
719,144/3
720,144/4A
721,145
722,145/1
723,145/2D
724,145/3
725,145/4C
726,146
727,146/1
728,146/2A
729,146/3
730,146/4A
731,147
732,147/1
733,147/2C
734,147/3
735,147/4B
736,148
737,148/1
738,148/2C
739,148/3
740,148/4B
741,149
742,149/1
743,149/2D
744,149/3
745,149/4D
746,150
747,150/1
748,150/2A
749,150/3
750,150/4A
751,151
752,151/1
753,151/2A
754,151/3
755,151/4B
756,152
757,152/1
758,152/2A
759,152/3
760,152/4C
761,153
762,153/1
763,153/2B
764,153/3
765,153/4D
766,154
767,154/1
768,154/2B
769,154/3
770,154/4A
771,155
772,155/1
773,155/2C
774,155/3
775,155/4C
776,156
777,156/1
778,156/2A
779,156/3
780,156/4C
781,157
782,157/1
783,157/2B
784,157/3
785,157/4B
786,158
787,158/1
788,158/2A
789,158/3
790,158/4C
791,159
792,159/1
793,159/2D
794,159/3
795,159/4B
796,160
797,160/1
798,160/2B
799,160/3
800,160/4B
801,161
802,161/1
803,161/2B
804,161/3
805,161/4D
806,162
807,162/1
808,162/2A
809,162/3
810,162/4B
811,163
812,163/1
813,163/2C
814,163/3
815,163/4D
816,164
817,164/1
818,164/2B
819,164/3
820,164/4C
821,165
822,165/1
823,165/2B
824,165/3
825,165/4A
826,166
827,166/1
828,166/2D
829,166/3
830,166/4A
831,167
832,167/1
833,167/2D
834,167/3
835,167/4B
836,168
837,168/1
838,168/2B
839,168/3
840,168/4D
841,169
842,169/1
843,169/2C
844,169/3
845,169/4C
846,170
847,170/1
848,170/2B
849,170/3
850,170/4B
851,171
852,171/1
853,171/2A
854,171/3
855,171/4B
856,172
857,172/1
858,172/2D
859,172/3
860,172/4C
861,173
862,173/1
863,173/2C
864,173/3
865,173/4A
866,174
867,174/1
868,174/2C
869,174/3
870,174/4C
871,175
872,175/1
873,175/2D
874,175/3
875,175/4C
876,176
877,176/1
878,176/2A
879,176/3
880,176/4A
881,177
882,177/1
883,177/2C
884,177/3
885,177/4B
886,178
887,178/1
888,178/2C
889,178/3
890,178/4A
891,179
892,179/1
893,179/2A
894,179/3
895,179/4D
896,180
897,180/1
898,180/2C
899,180/3
900,180/4C
901,181
902,181/1
903,181/2D
904,181/3
905,181/4A
906,182
907,182/1
908,182/2D
909,182/3
910,182/4B
911,183
912,183/1
913,183/2C
914,183/3
915,183/4A
916,184
917,184/1
918,184/2D
919,184/3
920,184/4A
921,185
922,185/1
923,185/2B
924,185/3
925,185/4C
926,186
927,186/1
928,186/2D
929,186/3
930,186/4A
931,187
932,187/1
933,187/2C
934,187/3
935,187/4C
936,188
937,188/1
938,188/2A
939,188/3
940,188/4C
941,189
942,189/1
943,189/2C
944,189/3
945,189/4D
946,190
947,190/1
948,190/2C
949,190/3
950,190/4D
951,191
952,191/1
953,191/2C
954,191/3
955,191/4B
956,192
957,192/1
958,192/2B
959,192/3
960,192/4D
961,193
962,193/1
963,193/2D
964,193/3
965,193/4B
966,194
967,194/1
968,194/2C
969,194/3
970,194/4D
971,195
972,195/1
973,195/2A
974,195/3
975,195/4C
976,196
977,196/1
978,196/2C
979,196/3
980,196/4B
981,197
982,197/1
983,197/2D
984,197/3
985,197/4C
986,198
987,198/1
988,198/2D
989,198/3
990,198/4D
991,199
992,199/1
993,199/2D
994,199/3
995,199/4B
996,200
997,200/1
998,200/2D
999,200/3
1000,200/4B
1001,201
1002,201/1
1003,201/2A
1004,201/3
1005,201/4C
1006,202
1007,202/1
1008,202/2C
1009,202/3
1010,202/4A
1011,203
1012,203/1
1013,203/2B
1014,203/3
1015,203/4C
1016,204
1017,204/1
1018,204/2B
1019,204/3
1020,204/4B
1021,205
1022,205/1
1023,205/2B
1024,205/3
1025,205/4A
1026,206
1027,206/1
1028,206/2A
1029,206/3
1030,206/4B
1031,207
1032,207/1
1033,207/2D
1034,207/3
1035,207/4A
1036,208
1037,208/1
1038,208/2D
1039,208/3
1040,208/4D
1041,209
1042,209/1
1043,209/2B
1044,209/3
1045,209/4D
1046,210
1047,210/1
1048,210/2D
1049,210/3
1050,210/4D
1051,211
1052,211/1
1053,211/2B
1054,211/3
1055,211/4B
1056,212
1057,212/1
1058,212/2A
1059,212/3
1060,212/4A
1061,213
1062,213/1
1063,213/2D
1064,213/3
1065,213/4B
1066,214
1067,214/1
1068,214/2B
1069,214/3
1070,214/4D
1071,215
1072,215/1
1073,215/2A
1074,215/3
1075,215/4B
1076,216
1077,216/1
1078,216/2A
1079,216/3
1080,216/4D
1081,217
1082,217/1
1083,217/2B
1084,217/3
1085,217/4D
1086,218
1087,218/1
1088,218/2C
1089,218/3
1090,218/4D
1091,219
1092,219/1
1093,219/2D
1094,219/3
1095,219/4D
1096,220
1097,220/1
1098,220/2B
1099,220/3
1100,220/4D
1101,221
1102,221/1
1103,221/2D
1104,221/3
1105,221/4C
1106,222
1107,222/1
1108,222/2B
1109,222/3
1110,222/4C
1111,223
1112,223/1
1113,223/2D
1114,223/3
1115,223/4B
1116,224
1117,224/1
1118,224/2C
1119,224/3
1120,224/4D
1121,225
1122,225/1
1123,225/2A
1124,225/3
1125,225/4C
1126,226
1127,226/1
1128,226/2B
1129,226/3
1130,226/4C
1131,227
1132,227/1
1133,227/2C
1134,227/3
1135,227/4C
1136,228
1137,228/1
1138,228/2A
1139,228/3
1140,228/4B
1141,229
1142,229/1
1143,229/2B
1144,229/3
1145,229/4B
1146,230
1147,230/1
1148,230/2D
1149,230/3
1150,230/4B
1151,231
1152,231/1
1153,231/2B
1154,231/3
1155,231/4A
1156,232
1157,232/1
1158,232/2D
1159,232/3
1160,232/4D
1161,233
1162,233/1
1163,233/2C
1164,233/3
1165,233/4D
1166,234
1167,234/1
1168,234/2D
1169,234/3
1170,234/4A
1171,235
1172,235/1
1173,235/2B
1174,235/3
1175,235/4D
1176,236
1177,236/1
1178,236/2D
1179,236/3
1180,236/4A
1181,237
1182,237/1
1183,237/2D
1184,237/3
1185,237/4D
1186,238
1187,238/1
1188,238/2A
1189,238/3
1190,238/4C
1191,239
1192,239/1
1193,239/2C
1194,239/3
1195,239/4D
1196,240
1197,240/1
1198,240/2D
1199,240/3
1200,240/4B
1201,241
1202,241/1
1203,241/2D
1204,241/3
1205,241/4B
1206,242
1207,242/1
1208,242/2C
1209,242/3
1210,242/4D
1211,243
1212,243/1
1213,243/2D
1214,243/3
1215,243/4A
1216,244
1217,244/1
1218,244/2D
1219,244/3
1220,244/4C
1221,245
1222,245/1
1223,245/2D
1224,245/3
1225,245/4B
1226,246
1227,246/1
1228,246/2D
1229,246/3
1230,246/4B
1231,247
1232,247/1
1233,247/2A
1234,247/3
1235,247/4D
1236,248
1237,248/1
1238,248/2A
1239,248/3
1240,248/4A
1241,249
1242,249/1
1243,249/2D
1244,249/3
1245,249/4B
1246,250
1247,250/1
1248,250/2D
1249,250/3
1250,250/4B
1251,251
1252,251/1
1253,251/2A
1254,251/3
1255,251/4C
1256,252
1257,252/1
1258,252/2D
1259,252/3
1260,252/4C
1261,253
1262,253/1
1263,253/2B
1264,253/3
1265,253/4D
1266,254
1267,254/1
1268,254/2C
1269,254/3
1270,254/4C
1271,255
1272,255/1
1273,255/2D
1274,255/3
1275,255/4C
1276,256
1277,256/1
1278,256/2D
1279,256/3
1280,256/4C
1281,257
1282,257/1
1283,257/2A
1284,257/3
1285,257/4D
1286,258
1287,258/1
1288,258/2A
1289,258/3
1290,258/4A
1291,259
1292,259/1
1293,259/2C
1294,259/3
1295,259/4B
1296,260
1297,260/1
1298,260/2A
1299,260/3
1300,260/4A
1301,261
1302,261/1
1303,261/2A
1304,261/3
1305,261/4B
1306,262
1307,262/1
1308,262/2B
1309,262/3
1310,262/4A
1311,263
1312,263/1
1313,263/2B
1314,263/3
1315,263/4B
1316,264
1317,264/1
1318,264/2B
1319,264/3
1320,264/4D
1321,265
1322,265/1
1323,265/2A
1324,265/3
1325,265/4B
1326,266
1327,266/1
1328,266/2D
1329,266/3
1330,266/4C
1331,267
1332,267/1
1333,267/2C
1334,267/3
1335,267/4B
1336,268
1337,268/1
1338,268/2A
1339,268/3
1340,268/4B
1341,269
1342,269/1
1343,269/2C
1344,269/3
1345,269/4A
1346,270
1347,270/1
1348,270/2A
1349,270/3
1350,270/4C
1351,271
1352,271/1
1353,271/2D
1354,271/3
1355,271/4D
1356,272
1357,272/1
1358,272/2B
1359,272/3
1360,272/4A
1361,273
1362,273/1
1363,273/2B
1364,273/3
1365,273/4A
1366,274
1367,274/1
1368,274/2C
1369,274/3
1370,274/4A
1371,275
1372,275/1
1373,275/2A
1374,275/3
1375,275/4C
1376,276
1377,276/1
1378,276/2D
1379,276/3
1380,276/4C
1381,277
1382,277/1
1383,277/2A
1384,277/3
1385,277/4C
1386,278
1387,278/1
1388,278/2A
1389,278/3
1390,278/4D
1391,279
1392,279/1
1393,279/2D
1394,279/3
1395,279/4A
1396,280
1397,280/1
1398,280/2D
1399,280/3
1400,280/4C
1401,281
1402,281/1
1403,281/2D
1404,281/3
1405,281/4B
1406,282
1407,282/1
1408,282/2D
1409,282/3
1410,282/4B
1411,283
1412,283/1
1413,283/2C
1414,283/3
1415,283/4D
1416,284
1417,284/1
1418,284/2D
1419,284/3
1420,284/4D
1421,285
1422,285/1
1423,285/2C
1424,285/3
1425,285/4C
1426,286
1427,286/1
1428,286/2B
1429,286/3
1430,286/4A
1431,287
1432,287/1
1433,287/2C
1434,287/3
1435,287/4D
1436,288
1437,288/1
1438,288/2B
1439,288/3
1440,288/4D
1441,289
1442,289/1
1443,289/2D
1444,289/3
1445,289/4C
1446,290
1447,290/1
1448,290/2A
1449,290/3
1450,290/4D
1451,291
1452,291/1
1453,291/2C
1454,291/3
1455,291/4B
1456,292
1457,292/1
1458,292/2D
1459,292/3
1460,292/4B
1461,293
1462,293/1
1463,293/2C
1464,293/3
1465,293/4C
1466,294
1467,294/1
1468,294/2C
1469,294/3
1470,294/4C
1471,295
1472,295/1
1473,295/2C
1474,295/3
1475,295/4A
1476,296
1477,296/1
1478,296/2B
1479,296/3
1480,296/4A
1481,297
1482,297/1
1483,297/2B
1484,297/3
1485,297/4D
1486,298
1487,298/1
1488,298/2D
1489,298/3
1490,298/4B
1491,299
1492,299/1
1493,299/2D
1494,299/3
1495,299/4D
1496,300
1497,300/1
1498,300/2D
1499,300/3
1500,300/4A
1501,301
1502,301/1
1503,301/2A
1504,301/3
1505,301/4C
1506,302
1507,302/1
1508,302/2B
1509,302/3
1510,302/4D
1511,303
1512,303/1
1513,303/2B
1514,303/3
1515,303/4C
1516,304
1517,304/1
1518,304/2C
1519,304/3
1520,304/4D
1521,305
1522,305/1
1523,305/2C
1524,305/3
1525,305/4D
1526,306
1527,306/1
1528,306/2C
1529,306/3
1530,306/4C
1531,307
1532,307/1
1533,307/2D
1534,307/3
1535,307/4C
1536,308
1537,308/1
1538,308/2C
1539,308/3
1540,308/4C
1541,309
1542,309/1
1543,309/2B
1544,309/3
1545,309/4A
1546,310
1547,310/1
1548,310/2B
1549,310/3
1550,310/4C
1551,311
1552,311/1
1553,311/2A
1554,311/3
1555,311/4B
1556,312
1557,312/1
1558,312/2B
1559,312/3
1560,312/4B
1561,313
1562,313/1
1563,313/2D
1564,313/3
1565,313/4C
1566,314
1567,314/1
1568,314/2C
1569,314/3
1570,314/4A
1571,315
1572,315/1
1573,315/2B
1574,315/3
1575,315/4C
1576,316
1577,316/1
1578,316/2B
1579,316/3
1580,316/4C
1581,317
1582,317/1
1583,317/2B
1584,317/3
1585,317/4C
1586,318
1587,318/1
1588,318/2A
1589,318/3
1590,318/4B
1591,319
1592,319/1
1593,319/2C
1594,319/3
1595,319/4A
1596,320
1597,320/1
1598,320/2A
1599,320/3
1600,320/4C
1601,321
1602,321/1
1603,321/2B
1604,321/3
1605,321/4D
1606,322
1607,322/1
1608,322/2A
1609,322/3
1610,322/4A
1611,323
1612,323/1
1613,323/2C
1614,323/3
1615,323/4D
1616,324
1617,324/1
1618,324/2D
1619,324/3
1620,324/4D
1621,325
1622,325/1
1623,325/2C
1624,325/3
1625,325/4B
1626,326
1627,326/1
1628,326/2A
1629,326/3
1630,326/4C
1631,327
1632,327/1
1633,327/2D
1634,327/3
1635,327/4A
1636,328
1637,328/1
1638,328/2A
1639,328/3
1640,328/4D
1641,329
1642,329/1
1643,329/2D
1644,329/3
1645,329/4A
1646,330
1647,330/1
1648,330/2A
1649,330/3
1650,330/4B
1651,331
1652,331/1
1653,331/2B
1654,331/3
1655,331/4C
1656,332
1657,332/1
1658,332/2A
1659,332/3
1660,332/4B
1661,333
1662,333/1
1663,333/2A
1664,333/3
1665,333/4D
1666,334
1667,334/1
1668,334/2B
1669,334/3
1670,334/4D
1671,335
1672,335/1
1673,335/2D
1674,335/3
1675,335/4D
1676,336
1677,336/1
1678,336/2C
1679,336/3
1680,336/4D
1681,337
1682,337/1
1683,337/2C
1684,337/3
1685,337/4A
1686,338
1687,338/1
1688,338/2A
1689,338/3
1690,338/4B
1691,339
1692,339/1
1693,339/2B
1694,339/3
1695,339/4C
1696,340
1697,340/1
1698,340/2A
1699,340/3
1700,340/4B
1701,341
1702,341/1
1703,341/2B
1704,341/3
1705,341/4B
1706,342
1707,342/1
1708,342/2A
1709,342/3
1710,342/4B
1711,343
1712,343/1
1713,343/2A
1714,343/3
1715,343/4D
1716,344
1717,344/1
1718,344/2D
1719,344/3
1720,344/4D
1721,345
1722,345/1
1723,345/2C
1724,345/3
1725,345/4A
1726,346
1727,346/1
1728,346/2B
1729,346/3
1730,346/4C
1731,347
1732,347/1
1733,347/2C
1734,347/3
1735,347/4D
1736,348
1737,348/1
1738,348/2A
1739,348/3
1740,348/4B
1741,349
1742,349/1
1743,349/2C
1744,349/3
1745,349/4B
1746,350
1747,350/1
1748,350/2D
1749,350/3
1750,350/4A
1751,351
1752,351/1
1753,351/2B
1754,351/3
1755,351/4B
1756,352
1757,352/1
1758,352/2C
1759,352/3
1760,352/4B
1761,353
1762,353/1
1763,353/2A
1764,353/3
1765,353/4A
1766,354
1767,354/1
1768,354/2B
1769,354/3
1770,354/4C
1771,355
1772,355/1
1773,355/2C
1774,355/3
1775,355/4D
1776,356
1777,356/1
1778,356/2A
1779,356/3
1780,356/4D
1781,357
1782,357/1
1783,357/2C
1784,357/3
1785,357/4D
1786,358
1787,358/1
1788,358/2C
1789,358/3
1790,358/4D
1791,359
1792,359/1
1793,359/2D
1794,359/3
1795,359/4A
1796,360
1797,360/1
1798,360/2A
1799,360/3
1800,360/4D
1801,361
1802,361/1
1803,361/2C
1804,361/3
1805,361/4C
1806,362
1807,362/1
1808,362/2A
1809,362/3
1810,362/4A
1811,363
1812,363/1
1813,363/2B
1814,363/3
1815,363/4A
1816,364
1817,364/1
1818,364/2C
1819,364/3
1820,364/4A
1821,365
1822,365/1
1823,365/2B
1824,365/3
1825,365/4D
1826,366
1827,366/1
1828,366/2D
1829,366/3
1830,366/4C
1831,367
1832,367/1
1833,367/2B
1834,367/3
1835,367/4D
1836,368
1837,368/1
1838,368/2D
1839,368/3
1840,368/4A
1841,369
1842,369/1
1843,369/2D
1844,369/3
1845,369/4C
1846,370
1847,370/1
1848,370/2D
1849,370/3
1850,370/4C
1851,371
1852,371/1
1853,371/2C
1854,371/3
1855,371/4A
1856,372
1857,372/1
1858,372/2B
1859,372/3
1860,372/4C
1861,373
1862,373/1
1863,373/2D
1864,373/3
1865,373/4D
1866,374
1867,374/1
1868,374/2C
1869,374/3
1870,374/4D
1871,375
1872,375/1
1873,375/2A
1874,375/3
1875,375/4D
1876,376
1877,376/1
1878,376/2A
1879,376/3
1880,376/4C
1881,377
1882,377/1
1883,377/2C
1884,377/3
1885,377/4C
1886,378
1887,378/1
1888,378/2A
1889,378/3
1890,378/4D
1891,379
1892,379/1
1893,379/2A
1894,379/3
1895,379/4D
1896,380
1897,380/1
1898,380/2D
1899,380/3
1900,380/4A
1901,381
1902,381/1
1903,381/2B
1904,381/3
1905,381/4C
1906,382
1907,382/1
1908,382/2D
1909,382/3
1910,382/4D
1911,383
1912,383/1
1913,383/2A
1914,383/3
1915,383/4B
1916,384
1917,384/1
1918,384/2C
1919,384/3
1920,384/4B
1921,385
1922,385/1
1923,385/2C
1924,385/3
1925,385/4D
1926,386
1927,386/1
1928,386/2D
1929,386/3
1930,386/4A
1931,387
1932,387/1
1933,387/2A
1934,387/3
1935,387/4B
1936,388
1937,388/1
1938,388/2B
1939,388/3
1940,388/4C
1941,389
1942,389/1
1943,389/2A
1944,389/3
1945,389/4D
1946,390
1947,390/1
1948,390/2A
1949,390/3
1950,390/4B
1951,391
1952,391/1
1953,391/2A
1954,391/3
1955,391/4D
1956,392
1957,392/1
1958,392/2A
1959,392/3
1960,392/4B
1961,393
1962,393/1
1963,393/2D
1964,393/3
1965,393/4C
1966,394
1967,394/1
1968,394/2C
1969,394/3
1970,394/4D
1971,395
1972,395/1
1973,395/2D
1974,395/3
1975,395/4D
1976,396
1977,396/1
1978,396/2B
1979,396/3
1980,396/4D
1981,397
1982,397/1
1983,397/2B
1984,397/3
1985,397/4D
1986,398
1987,398/1
1988,398/2B
1989,398/3
1990,398/4B
1991,399
1992,399/1
1993,399/2A
1994,399/3
1995,399/4C
1996,400
1997,400/1
1998,400/2D
1999,400/3
2000,400/4C
2001,401
2002,401/1
2003,401/2C
2004,401/3
2005,401/4A
2006,402
2007,402/1
2008,402/2C
2009,402/3
2010,402/4C
2011,403
2012,403/1
2013,403/2D
2014,403/3
2015,403/4B
2016,404
2017,404/1
2018,404/2D
2019,404/3
2020,404/4D
2021,405
2022,405/1
2023,405/2C
2024,405/3
2025,405/4C
2026,406
2027,406/1
2028,406/2D
2029,406/3
2030,406/4D
2031,407
2032,407/1
2033,407/2C
2034,407/3
2035,407/4B
2036,408
2037,408/1
2038,408/2B
2039,408/3
2040,408/4D
2041,409
2042,409/1
2043,409/2B
2044,409/3
2045,409/4D
2046,410
2047,410/1
2048,410/2A
2049,410/3
2050,410/4C
2051,411
2052,411/1
2053,411/2D
2054,411/3
2055,411/4D
2056,412
2057,412/1
2058,412/2D
2059,412/3
2060,412/4B
2061,413
2062,413/1
2063,413/2D
2064,413/3
2065,413/4A
2066,414
2067,414/1
2068,414/2B
2069,414/3
2070,414/4C
2071,415
2072,415/1
2073,415/2A
2074,415/3
2075,415/4D
2076,416
2077,416/1
2078,416/2A
2079,416/3
2080,416/4D
2081,417
2082,417/1
2083,417/2A
2084,417/3
2085,417/4B
2086,418
2087,418/1
2088,418/2D
2089,418/3
2090,418/4B
2091,419
2092,419/1
2093,419/2A
2094,419/3
2095,419/4D
2096,420
2097,420/1
2098,420/2C
2099,420/3
2100,420/4C
2101,421
2102,421/1
2103,421/2D
2104,421/3
2105,421/4A
2106,422
2107,422/1
2108,422/2C
2109,422/3
2110,422/4D
2111,423
2112,423/1
2113,423/2C
2114,423/3
2115,423/4D
2116,424
2117,424/1
2118,424/2A
2119,424/3
2120,424/4A
2121,425
2122,425/1
2123,425/2B
2124,425/3
2125,425/4C
2126,426
2127,426/1
2128,426/2B
2129,426/3
2130,426/4A
2131,427
2132,427/1
2133,427/2D
2134,427/3
2135,427/4A
2136,428
2137,428/1
2138,428/2A
2139,428/3
2140,428/4D
2141,429
2142,429/1
2143,429/2B
2144,429/3
2145,429/4C
2146,430
2147,430/1
2148,430/2A
2149,430/3
2150,430/4A
2151,431
2152,431/1
2153,431/2C
2154,431/3
2155,431/4A
2156,432
2157,432/1
2158,432/2C
2159,432/3
2160,432/4C
2161,433
2162,433/1
2163,433/2C
2164,433/3
2165,433/4D
2166,434
2167,434/1
2168,434/2B
2169,434/3
2170,434/4B
2171,435
2172,435/1
2173,435/2D
2174,435/3
2175,435/4B
2176,436
2177,436/1
2178,436/2B
2179,436/3
2180,436/4B
2181,437
2182,437/1
2183,437/2A
2184,437/3
2185,437/4D
2186,438
2187,438/1
2188,438/2B
2189,438/3
2190,438/4D
2191,439
2192,439/1
2193,439/2B
2194,439/3
2195,439/4B
2196,440
2197,440/1
2198,440/2D
2199,440/3
2200,440/4C
2201,441
2202,441/1
2203,441/2D
2204,441/3
2205,441/4C
2206,442
2207,442/1
2208,442/2A
2209,442/3
2210,442/4D
2211,443
2212,443/1
2213,443/2C
2214,443/3
2215,443/4B
2216,444
2217,444/1
2218,444/2A
2219,444/3
2220,444/4D
2221,445
2222,445/1
2223,445/2C
2224,445/3
2225,445/4C
2226,446
2227,446/1
2228,446/2D
2229,446/3
2230,446/4C
2231,447
2232,447/1
2233,447/2D
2234,447/3
2235,447/4C
2236,448
2237,448/1
2238,448/2B
2239,448/3
2240,448/4D
2241,449
2242,449/1
2243,449/2D
2244,449/3
2245,449/4A
2246,450
2247,450/1
2248,450/2B
2249,450/3
2250,450/4D
2251,451
2252,451/1
2253,451/2C
2254,451/3
2255,451/4C
2256,452
2257,452/1
2258,452/2C
2259,452/3
2260,452/4A
2261,453
2262,453/1
2263,453/2D
2264,453/3
2265,453/4C
2266,454
2267,454/1
2268,454/2A
2269,454/3
2270,454/4A
2271,455
2272,455/1
2273,455/2D
2274,455/3
2275,455/4C
2276,456
2277,456/1
2278,456/2B
2279,456/3
2280,456/4C
2281,457
2282,457/1
2283,457/2B
2284,457/3
2285,457/4B
2286,458
2287,458/1
2288,458/2C
2289,458/3
2290,458/4B
2291,459
2292,459/1
2293,459/2A
2294,459/3
2295,459/4A
2296,460
2297,460/1
2298,460/2C
2299,460/3
2300,460/4D
2301,461
2302,461/1
2303,461/2A
2304,461/3
2305,461/4C
2306,462
2307,462/1
2308,462/2B
2309,462/3
2310,462/4A
2311,463
2312,463/1
2313,463/2C
2314,463/3
2315,463/4C
2316,464
2317,464/1
2318,464/2D
2319,464/3
2320,464/4B
2321,465
2322,465/1
2323,465/2B
2324,465/3
2325,465/4B
2326,466
2327,466/1
2328,466/2C
2329,466/3
2330,466/4C
2331,467
2332,467/1
2333,467/2B
2334,467/3
2335,467/4C
2336,468
2337,468/1
2338,468/2D
2339,468/3
2340,468/4C
2341,469
2342,469/1
2343,469/2C
2344,469/3
2345,469/4A
2346,470
2347,470/1
2348,470/2D
2349,470/3
2350,470/4A
2351,471
2352,471/1
2353,471/2B
2354,471/3
2355,471/4B
2356,472
2357,472/1
2358,472/2D
2359,472/3
2360,472/4C
2361,473
2362,473/1
2363,473/2A
2364,473/3
2365,473/4D
2366,474
2367,474/1
2368,474/2A
2369,474/3
2370,474/4C
2371,475
2372,475/1
2373,475/2A
2374,475/3
2375,475/4D
2376,476
2377,476/1
2378,476/2C
2379,476/3
2380,476/4C
2381,477
2382,477/1
2383,477/2D
2384,477/3
2385,477/4C
2386,478
2387,478/1
2388,478/2A
2389,478/3
2390,478/4B
2391,479
2392,479/1
2393,479/2D
2394,479/3
2395,479/4A
2396,480
2397,480/1
2398,480/2C
2399,480/3
2400,480/4B
2401,481
2402,481/1
2403,481/2A
2404,481/3
2405,481/4D
2406,482
2407,482/1
2408,482/2C
2409,482/3
2410,482/4D
2411,483
2412,483/1
2413,483/2A
2414,483/3
2415,483/4B
2416,484
2417,484/1
2418,484/2A
2419,484/3
2420,484/4A
2421,485
2422,485/1
2423,485/2C
2424,485/3
2425,485/4D
2426,486
2427,486/1
2428,486/2A
2429,486/3
2430,486/4A
2431,487
2432,487/1
2433,487/2B
2434,487/3
2435,487/4B
2436,488
2437,488/1
2438,488/2D
2439,488/3
2440,488/4D
2441,489
2442,489/1
2443,489/2C
2444,489/3
2445,489/4D
2446,490
2447,490/1
2448,490/2B
2449,490/3
2450,490/4D
2451,491
2452,491/1
2453,491/2A
2454,491/3
2455,491/4D
2456,492
2457,492/1
2458,492/2D
2459,492/3
2460,492/4C
2461,493
2462,493/1
2463,493/2A
2464,493/3
2465,493/4C
2466,494
2467,494/1
2468,494/2B
2469,494/3
2470,494/4D
2471,495
2472,495/1
2473,495/2D
2474,495/3
2475,495/4B
2476,496
2477,496/1
2478,496/2C
2479,496/3
2480,496/4A
2481,497
2482,497/1
2483,497/2C
2484,497/3
2485,497/4C
2486,498
2487,498/1
2488,498/2A
2489,498/3
2490,498/4D
2491,499
2492,499/1
2493,499/2C
2494,499/3
2495,499/4B
2496,500
2497,500/1
2498,500/2A
2499,500/3
2500,500/4D
2501,501
2502,501/1
2503,501/2A
2504,501/3
2505,501/4B
2506,502
2507,502/1
2508,502/2A
2509,502/3
2510,502/4A
2511,503
2512,503/1
2513,503/2C
2514,503/3
2515,503/4B
2516,504
2517,504/1
2518,504/2B
2519,504/3
2520,504/4B
2521,505
2522,505/1
2523,505/2A
2524,505/3
2525,505/4B
2526,506
2527,506/1
2528,506/2B
2529,506/3
2530,506/4B
2531,507
2532,507/1
2533,507/2C
2534,507/3
2535,507/4B
2536,508
2537,508/1
2538,508/2A
2539,508/3
2540,508/4C
2541,509
2542,509/1
2543,509/2B
2544,509/3
2545,509/4B
2546,510
2547,510/1
2548,510/2C
2549,510/3
2550,510/4B
2551,511
2552,511/1
2553,511/2A
2554,511/3
2555,511/4A
2556,512
2557,512/1
2558,512/2B
2559,512/3
2560,512/4A
2561,513
2562,513/1
2563,513/2C
2564,513/3
2565,513/4B
2566,514
2567,514/1
2568,514/2C
2569,514/3
2570,514/4A
2571,515
2572,515/1
2573,515/2B
2574,515/3
2575,515/4C
2576,516
2577,516/1
2578,516/2A
2579,516/3
2580,516/4B
2581,517
2582,517/1
2583,517/2D
2584,517/3
2585,517/4A
2586,518
2587,518/1
2588,518/2A
2589,518/3
2590,518/4D
2591,519
2592,519/1
2593,519/2D
2594,519/3
2595,519/4C
2596,520
2597,520/1
2598,520/2A
2599,520/3
2600,520/4D
2601,521
2602,521/1
2603,521/2B
2604,521/3
2605,521/4A
2606,522
2607,522/1
2608,522/2C
2609,522/3
2610,522/4D
2611,523
2612,523/1
2613,523/2A
2614,523/3
2615,523/4A
2616,524
2617,524/1
2618,524/2D
2619,524/3
2620,524/4D
2621,525
2622,525/1
2623,525/2D
2624,525/3
2625,525/4A
2626,526
2627,526/1
2628,526/2D
2629,526/3
2630,526/4D
2631,527
2632,527/1
2633,527/2A
2634,527/3
2635,527/4A
2636,528
2637,528/1
2638,528/2C
2639,528/3
2640,528/4B
2641,529
2642,529/1
2643,529/2A
2644,529/3
2645,529/4B
2646,530
2647,530/1
2648,530/2C
2649,530/3
2650,530/4C
2651,531
2652,531/1
2653,531/2D
2654,531/3
2655,531/4C
2656,532
2657,532/1
2658,532/2D
2659,532/3
2660,532/4D
2661,533
2662,533/1
2663,533/2A
2664,533/3
2665,533/4A
2666,534
2667,534/1
2668,534/2B
2669,534/3
2670,534/4D
2671,535
2672,535/1
2673,535/2D
2674,535/3
2675,535/4B
2676,536
2677,536/1
2678,536/2D
2679,536/3
2680,536/4C
2681,537
2682,537/1
2683,537/2D
2684,537/3
2685,537/4D
2686,538
2687,538/1
2688,538/2D
2689,538/3
2690,538/4A
2691,539
2692,539/1
2693,539/2C
2694,539/3
2695,539/4D
2696,540
2697,540/1
2698,540/2C
2699,540/3
2700,540/4C
2701,541
2702,541/1
2703,541/2C
2704,541/3
2705,541/4B
2706,542
2707,542/1
2708,542/2D
2709,542/3
2710,542/4A
2711,543
2712,543/1
2713,543/2A
2714,543/3
2715,543/4A
2716,544
2717,544/1
2718,544/2A
2719,544/3
2720,544/4D
2721,545
2722,545/1
2723,545/2A
2724,545/3
2725,545/4C
2726,546
2727,546/1
2728,546/2B
2729,546/3
2730,546/4A
2731,547
2732,547/1
2733,547/2C
2734,547/3
2735,547/4A
2736,548
2737,548/1
2738,548/2D
2739,548/3
2740,548/4C
2741,549
2742,549/1
2743,549/2D
2744,549/3
2745,549/4A
2746,550
2747,550/1
2748,550/2C
2749,550/3
2750,550/4C
2751,551
2752,551/1
2753,551/2C
2754,551/3
2755,551/4A
2756,552
2757,552/1
2758,552/2B
2759,552/3
2760,552/4B
2761,553
2762,553/1
2763,553/2D
2764,553/3
2765,553/4B
2766,554
2767,554/1
2768,554/2A
2769,554/3
2770,554/4C
2771,555
2772,555/1
2773,555/2C
2774,555/3
2775,555/4A
2776,556
2777,556/1
2778,556/2C
2779,556/3
2780,556/4B
2781,557
2782,557/1
2783,557/2D
2784,557/3
2785,557/4A
2786,558
2787,558/1
2788,558/2C
2789,558/3
2790,558/4A
2791,559
2792,559/1
2793,559/2B
2794,559/3
2795,559/4C
2796,560
2797,560/1
2798,560/2C
2799,560/3
2800,560/4C
2801,561
2802,561/1
2803,561/2C
2804,561/3
2805,561/4A
2806,562
2807,562/1
2808,562/2B
2809,562/3
2810,562/4B
2811,563
2812,563/1
2813,563/2D
2814,563/3
2815,563/4A
2816,564
2817,564/1
2818,564/2B
2819,564/3
2820,564/4A
2821,565
2822,565/1
2823,565/2A
2824,565/3
2825,565/4B
2826,566
2827,566/1
2828,566/2D
2829,566/3
2830,566/4D
2831,567
2832,567/1
2833,567/2D
2834,567/3
2835,567/4C
2836,568
2837,568/1
2838,568/2B
2839,568/3
2840,568/4C
2841,569
2842,569/1
2843,569/2C
2844,569/3
2845,569/4C
2846,570
2847,570/1
2848,570/2A
2849,570/3
2850,570/4A
2851,571
2852,571/1
2853,571/2B
2854,571/3
2855,571/4B
2856,572
2857,572/1
2858,572/2A
2859,572/3
2860,572/4A
2861,573
2862,573/1
2863,573/2C
2864,573/3
2865,573/4D
2866,574
2867,574/1
2868,574/2D
2869,574/3
2870,574/4D
2871,575
2872,575/1
2873,575/2D
2874,575/3
2875,575/4D
2876,576
2877,576/1
2878,576/2C
2879,576/3
2880,576/4B
2881,577
2882,577/1
2883,577/2A
2884,577/3
2885,577/4C
2886,578
2887,578/1
2888,578/2D
2889,578/3
2890,578/4A
2891,579
2892,579/1
2893,579/2C
2894,579/3
2895,579/4D
2896,580
2897,580/1
2898,580/2C
2899,580/3
2900,580/4A
2901,581
2902,581/1
2903,581/2B
2904,581/3
2905,581/4D
2906,582
2907,582/1
2908,582/2A
2909,582/3
2910,582/4A
2911,583
2912,583/1
2913,583/2B
2914,583/3
2915,583/4C
2916,584
2917,584/1
2918,584/2B
2919,584/3
2920,584/4B
2921,585
2922,585/1
2923,585/2C
2924,585/3
2925,585/4C
2926,586
2927,586/1
2928,586/2C
2929,586/3
2930,586/4A
2931,587
2932,587/1
2933,587/2A
2934,587/3
2935,587/4D
2936,588
2937,588/1
2938,588/2D
2939,588/3
2940,588/4B
2941,589
2942,589/1
2943,589/2B
2944,589/3
2945,589/4D
2946,590
2947,590/1
2948,590/2B
2949,590/3
2950,590/4C
2951,591
2952,591/1
2953,591/2A
2954,591/3
2955,591/4D
2956,592
2957,592/1
2958,592/2A
2959,592/3
2960,592/4D
2961,593
2962,593/1
2963,593/2A
2964,593/3
2965,593/4D
2966,594
2967,594/1
2968,594/2A
2969,594/3
2970,594/4C
2971,595
2972,595/1
2973,595/2D
2974,595/3
2975,595/4D
2976,596
2977,596/1
2978,596/2D
2979,596/3
2980,596/4C
2981,597
2982,597/1
2983,597/2A
2984,597/3
2985,597/4D
2986,598
2987,598/1
2988,598/2A
2989,598/3
2990,598/4C
2991,599
2992,599/1
2993,599/2B
2994,599/3
2995,599/4D
2996,600
2997,600/1
2998,600/2C
2999,600/3
3000,600/4A
3001,601
3002,601/1
3003,601/2D
3004,601/3
3005,601/4A
3006,602
3007,602/1
3008,602/2B
3009,602/3
3010,602/4D
3011,603
3012,603/1
3013,603/2D
3014,603/3
3015,603/4A
3016,604
3017,604/1
3018,604/2D
3019,604/3
3020,604/4C
3021,605
3022,605/1
3023,605/2C
3024,605/3
3025,605/4B
3026,606
3027,606/1
3028,606/2C
3029,606/3
3030,606/4B
3031,607
3032,607/1
3033,607/2A
3034,607/3
3035,607/4A
3036,608
3037,608/1
3038,608/2B
3039,608/3
3040,608/4C
3041,609
3042,609/1
3043,609/2C
3044,609/3
3045,609/4B
3046,610
3047,610/1
3048,610/2B
3049,610/3
3050,610/4A
3051,611
3052,611/1
3053,611/2B
3054,611/3
3055,611/4C
3056,612
3057,612/1
3058,612/2B
3059,612/3
3060,612/4B
3061,613
3062,613/1
3063,613/2B
3064,613/3
3065,613/4A
3066,614
3067,614/1
3068,614/2B
3069,614/3
3070,614/4D
3071,615
3072,615/1
3073,615/2D
3074,615/3
3075,615/4D
3076,616
3077,616/1
3078,616/2C
3079,616/3
3080,616/4C
3081,617
3082,617/1
3083,617/2B
3084,617/3
3085,617/4D
3086,618
3087,618/1
3088,618/2A
3089,618/3
3090,618/4D
3091,619
3092,619/1
3093,619/2D
3094,619/3
3095,619/4C
3096,620
3097,620/1
3098,620/2C
3099,620/3
3100,620/4A
3101,621
3102,621/1
3103,621/2C
3104,621/3
3105,621/4A
3106,622
3107,622/1
3108,622/2C
3109,622/3
3110,622/4D
3111,623
3112,623/1
3113,623/2D
3114,623/3
3115,623/4A
3116,624
3117,624/1
3118,624/2A
3119,624/3
3120,624/4C
3121,625
3122,625/1
3123,625/2C
3124,625/3
3125,625/4A
3126,626
3127,626/1
3128,626/2A
3129,626/3
3130,626/4D
3131,627
3132,627/1
3133,627/2D
3134,627/3
3135,627/4A
3136,628
3137,628/1
3138,628/2D
3139,628/3
3140,628/4B
3141,629
3142,629/1
3143,629/2C
3144,629/3
3145,629/4D
3146,630
3147,630/1
3148,630/2B
3149,630/3
3150,630/4A
3151,631
3152,631/1
3153,631/2D
3154,631/3
3155,631/4A
3156,632
3157,632/1
3158,632/2C
3159,632/3
3160,632/4A
3161,633
3162,633/1
3163,633/2B
3164,633/3
3165,633/4A
3166,634
3167,634/1
3168,634/2B
3169,634/3
3170,634/4D
3171,635
3172,635/1
3173,635/2D
3174,635/3
3175,635/4B
3176,636
3177,636/1
3178,636/2C
3179,636/3
3180,636/4C
3181,637
3182,637/1
3183,637/2C
3184,637/3
3185,637/4D
3186,638
3187,638/1
3188,638/2D
3189,638/3
3190,638/4C
3191,639
3192,639/1
3193,639/2A
3194,639/3
3195,639/4C
3196,640
3197,640/1
3198,640/2A
3199,640/3
3200,640/4C
3201,641
3202,641/1
3203,641/2A
3204,641/3
3205,641/4D
3206,642
3207,642/1
3208,642/2C
3209,642/3
3210,642/4C
3211,643
3212,643/1
3213,643/2B
3214,643/3
3215,643/4C
3216,644
3217,644/1
3218,644/2A
3219,644/3
3220,644/4B
3221,645
3222,645/1
3223,645/2C
3224,645/3
3225,645/4C
3226,646
3227,646/1
3228,646/2D
3229,646/3
3230,646/4B
3231,647
3232,647/1
3233,647/2A
3234,647/3
3235,647/4C
3236,648
3237,648/1
3238,648/2D
3239,648/3
3240,648/4C
3241,649
3242,649/1
3243,649/2B
3244,649/3
3245,649/4A
3246,650
3247,650/1
3248,650/2D
3249,650/3
3250,650/4C
3251,651
3252,651/1
3253,651/2A
3254,651/3
3255,651/4C
3256,652
3257,652/1
3258,652/2C
3259,652/3
3260,652/4B
3261,653
3262,653/1
3263,653/2B
3264,653/3
3265,653/4C
3266,654
3267,654/1
3268,654/2D
3269,654/3
3270,654/4B
3271,655
3272,655/1
3273,655/2B
3274,655/3
3275,655/4B
3276,656
3277,656/1
3278,656/2B
3279,656/3
3280,656/4A
3281,657
3282,657/1
3283,657/2C
3284,657/3
3285,657/4A
3286,658
3287,658/1
3288,658/2A
3289,658/3
3290,658/4C
3291,659
3292,659/1
3293,659/2B
3294,659/3
3295,659/4D
3296,660
3297,660/1
3298,660/2B
3299,660/3
3300,660/4B
3301,661
3302,661/1
3303,661/2B
3304,661/3
3305,661/4B
3306,662
3307,662/1
3308,662/2D
3309,662/3
3310,662/4A
3311,663
3312,663/1
3313,663/2D
3314,663/3
3315,663/4C
3316,664
3317,664/1
3318,664/2B
3319,664/3
3320,664/4D
3321,665
3322,665/1
3323,665/2C
3324,665/3
3325,665/4D
3326,666
3327,666/1
3328,666/2B
3329,666/3
3330,666/4B
3331,667
3332,667/1
3333,667/2C
3334,667/3
3335,667/4D
3336,668
3337,668/1
3338,668/2B
3339,668/3
3340,668/4C
3341,669
3342,669/1
3343,669/2D
3344,669/3
3345,669/4D
3346,670
3347,670/1
3348,670/2C
3349,670/3
3350,670/4D
3351,671
3352,671/1
3353,671/2D
3354,671/3
3355,671/4B
3356,672
3357,672/1
3358,672/2B
3359,672/3
3360,672/4B
3361,673
3362,673/1
3363,673/2C
3364,673/3
3365,673/4A
3366,674
3367,674/1
3368,674/2D
3369,674/3
3370,674/4C
3371,675
3372,675/1
3373,675/2A
3374,675/3
3375,675/4A
3376,676
3377,676/1
3378,676/2C
3379,676/3
3380,676/4A
3381,677
3382,677/1
3383,677/2B
3384,677/3
3385,677/4C
3386,678
3387,678/1
3388,678/2D
3389,678/3
3390,678/4B
3391,679
3392,679/1
3393,679/2D
3394,679/3
3395,679/4A
3396,680
3397,680/1
3398,680/2B
3399,680/3
3400,680/4D
3401,681
3402,681/1
3403,681/2C
3404,681/3
3405,681/4A
3406,682
3407,682/1
3408,682/2D
3409,682/3
3410,682/4A
3411,683
3412,683/1
3413,683/2D
3414,683/3
3415,683/4C
3416,684
3417,684/1
3418,684/2B
3419,684/3
3420,684/4D
3421,685
3422,685/1
3423,685/2A
3424,685/3
3425,685/4C
3426,686
3427,686/1
3428,686/2B
3429,686/3
3430,686/4A
3431,687
3432,687/1
3433,687/2C
3434,687/3
3435,687/4A
3436,688
3437,688/1
3438,688/2C
3439,688/3
3440,688/4B
3441,689
3442,689/1
3443,689/2B
3444,689/3
3445,689/4A
3446,690
3447,690/1
3448,690/2C
3449,690/3
3450,690/4D
3451,691
3452,691/1
3453,691/2B
3454,691/3
3455,691/4D
3456,692
3457,692/1
3458,692/2D
3459,692/3
3460,692/4A
3461,693
3462,693/1
3463,693/2A
3464,693/3
3465,693/4A
3466,694
3467,694/1
3468,694/2C
3469,694/3
3470,694/4B
3471,695
3472,695/1
3473,695/2B
3474,695/3
3475,695/4D
3476,696
3477,696/1
3478,696/2A
3479,696/3
3480,696/4C
3481,697
3482,697/1
3483,697/2B
3484,697/3
3485,697/4C
3486,698
3487,698/1
3488,698/2A
3489,698/3
3490,698/4A
3491,699
3492,699/1
3493,699/2B
3494,699/3
3495,699/4D
3496,700
3497,700/1
3498,700/2D
3499,700/3
3500,700/4A
3501,701
3502,701/1
3503,701/2A
3504,701/3
3505,701/4D
3506,702
3507,702/1
3508,702/2A
3509,702/3
3510,702/4B
3511,703
3512,703/1
3513,703/2B
3514,703/3
3515,703/4C
3516,704
3517,704/1
3518,704/2D
3519,704/3
3520,704/4A
3521,705
3522,705/1
3523,705/2C
3524,705/3
3525,705/4B
3526,706
3527,706/1
3528,706/2D
3529,706/3
3530,706/4B
3531,707
3532,707/1
3533,707/2A
3534,707/3
3535,707/4C
3536,708
3537,708/1
3538,708/2A
3539,708/3
3540,708/4A
3541,709
3542,709/1
3543,709/2D
3544,709/3
3545,709/4D
3546,710
3547,710/1
3548,710/2A
3549,710/3
3550,710/4D
3551,711
3552,711/1
3553,711/2C
3554,711/3
3555,711/4C
3556,712
3557,712/1
3558,712/2A
3559,712/3
3560,712/4C
3561,713
3562,713/1
3563,713/2A
3564,713/3
3565,713/4C
3566,714
3567,714/1
3568,714/2B
3569,714/3
3570,714/4A
3571,715
3572,715/1
3573,715/2C
3574,715/3
3575,715/4B
3576,716
3577,716/1
3578,716/2A
3579,716/3
3580,716/4C
3581,717
3582,717/1
3583,717/2C
3584,717/3
3585,717/4B
3586,718
3587,718/1
3588,718/2D
3589,718/3
3590,718/4D
3591,719
3592,719/1
3593,719/2B
3594,719/3
3595,719/4B
3596,720
3597,720/1
3598,720/2A
3599,720/3
3600,720/4D
3601,721
3602,721/1
3603,721/2A
3604,721/3
3605,721/4C
3606,722
3607,722/1
3608,722/2B
3609,722/3
3610,722/4A
3611,723
3612,723/1
3613,723/2B
3614,723/3
3615,723/4A
3616,724
3617,724/1
3618,724/2C
3619,724/3
3620,724/4C
3621,725
3622,725/1
3623,725/2D
3624,725/3
3625,725/4D
3626,726
3627,726/1
3628,726/2C
3629,726/3
3630,726/4A
3631,727
3632,727/1
3633,727/2B
3634,727/3
3635,727/4C
3636,728
3637,728/1
3638,728/2C
3639,728/3
3640,728/4A
3641,729
3642,729/1
3643,729/2C
3644,729/3
3645,729/4C
3646,730
3647,730/1
3648,730/2A
3649,730/3
3650,730/4C
3651,731
3652,731/1
3653,731/2D
3654,731/3
3655,731/4D
3656,732
3657,732/1
3658,732/2D
3659,732/3
3660,732/4D
3661,733
3662,733/1
3663,733/2C
3664,733/3
3665,733/4B
3666,734
3667,734/1
3668,734/2D
3669,734/3
3670,734/4D
3671,735
3672,735/1
3673,735/2C
3674,735/3
3675,735/4C
3676,736
3677,736/1
3678,736/2A
3679,736/3
3680,736/4D
3681,737
3682,737/1
3683,737/2A
3684,737/3
3685,737/4D
3686,738
3687,738/1
3688,738/2B
3689,738/3
3690,738/4C
3691,739
3692,739/1
3693,739/2C
3694,739/3
3695,739/4A
3696,740
3697,740/1
3698,740/2A
3699,740/3
3700,740/4C
3701,741
3702,741/1
3703,741/2C
3704,741/3
3705,741/4C
3706,742
3707,742/1
3708,742/2D
3709,742/3
3710,742/4D
3711,743
3712,743/1
3713,743/2B
3714,743/3
3715,743/4D
3716,744
3717,744/1
3718,744/2C
3719,744/3
3720,744/4D
3721,745
3722,745/1
3723,745/2A
3724,745/3
3725,745/4C
3726,746
3727,746/1
3728,746/2D
3729,746/3
3730,746/4C
3731,747
3732,747/1
3733,747/2A
3734,747/3
3735,747/4A
3736,748
3737,748/1
3738,748/2D
3739,748/3
3740,748/4C
3741,749
3742,749/1
3743,749/2B
3744,749/3
3745,749/4A
3746,750
3747,750/1
3748,750/2B
3749,750/3
3750,750/4D
3751,751
3752,751/1
3753,751/2A
3754,751/3
3755,751/4B
3756,752
3757,752/1
3758,752/2A
3759,752/3
3760,752/4B
3761,753
3762,753/1
3763,753/2C
3764,753/3
3765,753/4C
3766,754
3767,754/1
3768,754/2D
3769,754/3
3770,754/4A
3771,755
3772,755/1
3773,755/2B
3774,755/3
3775,755/4D
3776,756
3777,756/1
3778,756/2C
3779,756/3
3780,756/4C
3781,757
3782,757/1
3783,757/2D
3784,757/3
3785,757/4A
3786,758
3787,758/1
3788,758/2B
3789,758/3
3790,758/4C
3791,759
3792,759/1
3793,759/2D
3794,759/3
3795,759/4C
3796,760
3797,760/1
3798,760/2C
3799,760/3
3800,760/4B
3801,761
3802,761/1
3803,761/2A
3804,761/3
3805,761/4A
3806,762
3807,762/1
3808,762/2B
3809,762/3
3810,762/4D
3811,763
3812,763/1
3813,763/2D
3814,763/3
3815,763/4A
3816,764
3817,764/1
3818,764/2C
3819,764/3
3820,764/4C
3821,765
3822,765/1
3823,765/2D
3824,765/3
3825,765/4B
3826,766
3827,766/1
3828,766/2C
3829,766/3
3830,766/4D
3831,767
3832,767/1
3833,767/2B
3834,767/3
3835,767/4A
3836,768
3837,768/1
3838,768/2B
3839,768/3
3840,768/4A
3841,769
3842,769/1
3843,769/2D
3844,769/3
3845,769/4B
3846,770
3847,770/1
3848,770/2D
3849,770/3
3850,770/4A
3851,771
3852,771/1
3853,771/2C
3854,771/3
3855,771/4C
3856,772
3857,772/1
3858,772/2A
3859,772/3
3860,772/4C
3861,773
3862,773/1
3863,773/2C
3864,773/3
3865,773/4B
3866,774
3867,774/1
3868,774/2B
3869,774/3
3870,774/4C
3871,775
3872,775/1
3873,775/2B
3874,775/3
3875,775/4A
3876,776
3877,776/1
3878,776/2B
3879,776/3
3880,776/4B
3881,777
3882,777/1
3883,777/2B
3884,777/3
3885,777/4D
3886,778
3887,778/1
3888,778/2A
3889,778/3
3890,778/4C
3891,779
3892,779/1
3893,779/2C
3894,779/3
3895,779/4D
3896,780
3897,780/1
3898,780/2B
3899,780/3
3900,780/4A
3901,781
3902,781/1
3903,781/2A
3904,781/3
3905,781/4C
3906,782
3907,782/1
3908,782/2D
3909,782/3
3910,782/4D
3911,783
3912,783/1
3913,783/2D
3914,783/3
3915,783/4D
3916,784
3917,784/1
3918,784/2A
3919,784/3
3920,784/4B
3921,785
3922,785/1
3923,785/2C
3924,785/3
3925,785/4A
3926,786
3927,786/1
3928,786/2D
3929,786/3
3930,786/4D
3931,787
3932,787/1
3933,787/2C
3934,787/3
3935,787/4B
3936,788
3937,788/1
3938,788/2B
3939,788/3
3940,788/4B
3941,789
3942,789/1
3943,789/2D
3944,789/3
3945,789/4A
3946,790
3947,790/1
3948,790/2A
3949,790/3
3950,790/4B
3951,791
3952,791/1
3953,791/2C
3954,791/3
3955,791/4B
3956,792
3957,792/1
3958,792/2B
3959,792/3
3960,792/4C
3961,793
3962,793/1
3963,793/2B
3964,793/3
3965,793/4C
3966,794
3967,794/1
3968,794/2C
3969,794/3
3970,794/4A
3971,795
3972,795/1
3973,795/2C
3974,795/3
3975,795/4B
3976,796
3977,796/1
3978,796/2C
3979,796/3
3980,796/4B
3981,797
3982,797/1
3983,797/2C
3984,797/3
3985,797/4A
3986,798
3987,798/1
3988,798/2B
3989,798/3
3990,798/4B
3991,799
3992,799/1
3993,799/2B
3994,799/3
3995,799/4C
3996,800
3997,800/1
3998,800/2A
3999,800/3
4000,800/4A
4001,801
4002,801/1
4003,801/2A
4004,801/3
4005,801/4A
4006,802
4007,802/1
4008,802/2C
4009,802/3
4010,802/4B
4011,803
4012,803/1
4013,803/2D
4014,803/3
4015,803/4A
4016,804
4017,804/1
4018,804/2D
4019,804/3
4020,804/4C
4021,805
4022,805/1
4023,805/2C
4024,805/3
4025,805/4D
4026,806
4027,806/1
4028,806/2B
4029,806/3
4030,806/4D
4031,807
4032,807/1
4033,807/2C
4034,807/3
4035,807/4D
4036,808
4037,808/1
4038,808/2A
4039,808/3
4040,808/4A
4041,809
4042,809/1
4043,809/2B
4044,809/3
4045,809/4D
4046,810
4047,810/1
4048,810/2D
4049,810/3
4050,810/4D
4051,811
4052,811/1
4053,811/2D
4054,811/3
4055,811/4B
4056,812
4057,812/1
4058,812/2C
4059,812/3
4060,812/4B
4061,813
4062,813/1
4063,813/2C
4064,813/3
4065,813/4C
4066,814
4067,814/1
4068,814/2C
4069,814/3
4070,814/4D
4071,815
4072,815/1
4073,815/2B
4074,815/3
4075,815/4C
4076,816
4077,816/1
4078,816/2A
4079,816/3
4080,816/4C
4081,817
4082,817/1
4083,817/2B
4084,817/3
4085,817/4D
4086,818
4087,818/1
4088,818/2A
4089,818/3
4090,818/4C
4091,819
4092,819/1
4093,819/2D
4094,819/3
4095,819/4B
4096,820
4097,820/1
4098,820/2B
4099,820/3
4100,820/4A
4101,821
4102,821/1
4103,821/2A
4104,821/3
4105,821/4C
4106,822
4107,822/1
4108,822/2D
4109,822/3
4110,822/4D
4111,823
4112,823/1
4113,823/2B
4114,823/3
4115,823/4B
4116,824
4117,824/1
4118,824/2C
4119,824/3
4120,824/4C
4121,825
4122,825/1
4123,825/2B
4124,825/3
4125,825/4B
4126,826
4127,826/1
4128,826/2D
4129,826/3
4130,826/4D
4131,827
4132,827/1
4133,827/2D
4134,827/3
4135,827/4C
4136,828
4137,828/1
4138,828/2D
4139,828/3
4140,828/4A
4141,829
4142,829/1
4143,829/2A
4144,829/3
4145,829/4D
4146,830
4147,830/1
4148,830/2D
4149,830/3
4150,830/4B
4151,831
4152,831/1
4153,831/2B
4154,831/3
4155,831/4C
4156,832
4157,832/1
4158,832/2A
4159,832/3
4160,832/4A
4161,833
4162,833/1
4163,833/2C
4164,833/3
4165,833/4D
4166,834
4167,834/1
4168,834/2D
4169,834/3
4170,834/4C
4171,835
4172,835/1
4173,835/2A
4174,835/3
4175,835/4A
4176,836
4177,836/1
4178,836/2D
4179,836/3
4180,836/4B
4181,837
4182,837/1
4183,837/2C
4184,837/3
4185,837/4C
4186,838
4187,838/1
4188,838/2D
4189,838/3
4190,838/4C
4191,839
4192,839/1
4193,839/2A
4194,839/3
4195,839/4D
4196,840
4197,840/1
4198,840/2A
4199,840/3
4200,840/4B
4201,841
4202,841/1
4203,841/2C
4204,841/3
4205,841/4C
4206,842
4207,842/1
4208,842/2A
4209,842/3
4210,842/4D
4211,843
4212,843/1
4213,843/2D
4214,843/3
4215,843/4C
4216,844
4217,844/1
4218,844/2A
4219,844/3
4220,844/4B
4221,845
4222,845/1
4223,845/2A
4224,845/3
4225,845/4D
4226,846
4227,846/1
4228,846/2C
4229,846/3
4230,846/4C
4231,847
4232,847/1
4233,847/2C
4234,847/3
4235,847/4B
4236,848
4237,848/1
4238,848/2B
4239,848/3
4240,848/4D
4241,849
4242,849/1
4243,849/2A
4244,849/3
4245,849/4A
4246,850
4247,850/1
4248,850/2A
4249,850/3
4250,850/4B
4251,851
4252,851/1
4253,851/2C
4254,851/3
4255,851/4D
4256,852
4257,852/1
4258,852/2D
4259,852/3
4260,852/4B
4261,853
4262,853/1
4263,853/2B
4264,853/3
4265,853/4C
4266,854
4267,854/1
4268,854/2C
4269,854/3
4270,854/4B
4271,855
4272,855/1
4273,855/2D
4274,855/3
4275,855/4C
4276,856
4277,856/1
4278,856/2C
4279,856/3
4280,856/4D
4281,857
4282,857/1
4283,857/2C
4284,857/3
4285,857/4D
4286,858
4287,858/1
4288,858/2A
4289,858/3
4290,858/4C
4291,859
4292,859/1
4293,859/2C
4294,859/3
4295,859/4A
4296,860
4297,860/1
4298,860/2D
4299,860/3
4300,860/4C
4301,861
4302,861/1
4303,861/2A
4304,861/3
4305,861/4D
4306,862
4307,862/1
4308,862/2C
4309,862/3
4310,862/4B
4311,863
4312,863/1
4313,863/2A
4314,863/3
4315,863/4D
4316,864
4317,864/1
4318,864/2B
4319,864/3
4320,864/4D
4321,865
4322,865/1
4323,865/2B
4324,865/3
4325,865/4B
4326,866
4327,866/1
4328,866/2A
4329,866/3
4330,866/4A
4331,867
4332,867/1
4333,867/2B
4334,867/3
4335,867/4A
4336,868
4337,868/1
4338,868/2D
4339,868/3
4340,868/4C
4341,869
4342,869/1
4343,869/2D
4344,869/3
4345,869/4B
4346,870
4347,870/1
4348,870/2D
4349,870/3
4350,870/4B
4351,871
4352,871/1
4353,871/2D
4354,871/3
4355,871/4D
4356,872
4357,872/1
4358,872/2A
4359,872/3
4360,872/4B
4361,873
4362,873/1
4363,873/2B
4364,873/3
4365,873/4C
4366,874
4367,874/1
4368,874/2D
4369,874/3
4370,874/4D
4371,875
4372,875/1
4373,875/2C
4374,875/3
4375,875/4B
4376,876
4377,876/1
4378,876/2D
4379,876/3
4380,876/4C
4381,877
4382,877/1
4383,877/2C
4384,877/3
4385,877/4C
4386,878
4387,878/1
4388,878/2D
4389,878/3
4390,878/4B
4391,879
4392,879/1
4393,879/2B
4394,879/3
4395,879/4C
4396,880
4397,880/1
4398,880/2C
4399,880/3
4400,880/4B
4401,881
4402,881/1
4403,881/2C
4404,881/3
4405,881/4C
4406,882
4407,882/1
4408,882/2B
4409,882/3
4410,882/4D
4411,883
4412,883/1
4413,883/2C
4414,883/3
4415,883/4D
4416,884
4417,884/1
4418,884/2C
4419,884/3
4420,884/4C
4421,885
4422,885/1
4423,885/2C
4424,885/3
4425,885/4A
4426,886
4427,886/1
4428,886/2D
4429,886/3
4430,886/4D
4431,887
4432,887/1
4433,887/2C
4434,887/3
4435,887/4B
4436,888
4437,888/1
4438,888/2C
4439,888/3
4440,888/4A
4441,889
4442,889/1
4443,889/2C
4444,889/3
4445,889/4A
4446,890
4447,890/1
4448,890/2C
4449,890/3
4450,890/4D
4451,891
4452,891/1
4453,891/2C
4454,891/3
4455,891/4D
4456,892
4457,892/1
4458,892/2B
4459,892/3
4460,892/4B
4461,893
4462,893/1
4463,893/2C
4464,893/3
4465,893/4C
4466,894
4467,894/1
4468,894/2B
4469,894/3
4470,894/4A
4471,895
4472,895/1
4473,895/2B
4474,895/3
4475,895/4B
4476,896
4477,896/1
4478,896/2A
4479,896/3
4480,896/4B
4481,897
4482,897/1
4483,897/2B
4484,897/3
4485,897/4A
4486,898
4487,898/1
4488,898/2A
4489,898/3
4490,898/4D
4491,899
4492,899/1
4493,899/2C
4494,899/3
4495,899/4D
4496,900
4497,900/1
4498,900/2A
4499,900/3
4500,900/4B
4501,901
4502,901/1
4503,901/2A
4504,901/3
4505,901/4B
4506,902
4507,902/1
4508,902/2D
4509,902/3
4510,902/4D
4511,903
4512,903/1
4513,903/2D
4514,903/3
4515,903/4B
4516,904
4517,904/1
4518,904/2C
4519,904/3
4520,904/4C
4521,905
4522,905/1
4523,905/2C
4524,905/3
4525,905/4A
4526,906
4527,906/1
4528,906/2A
4529,906/3
4530,906/4B
4531,907
4532,907/1
4533,907/2A
4534,907/3
4535,907/4B
4536,908
4537,908/1
4538,908/2D
4539,908/3
4540,908/4B
4541,909
4542,909/1
4543,909/2A
4544,909/3
4545,909/4D
4546,910
4547,910/1
4548,910/2D
4549,910/3
4550,910/4B
4551,911
4552,911/1
4553,911/2C
4554,911/3
4555,911/4A
4556,912
4557,912/1
4558,912/2A
4559,912/3
4560,912/4C
4561,913
4562,913/1
4563,913/2A
4564,913/3
4565,913/4C
4566,914
4567,914/1
4568,914/2C
4569,914/3
4570,914/4D
4571,915
4572,915/1
4573,915/2D
4574,915/3
4575,915/4B
4576,916
4577,916/1
4578,916/2D
4579,916/3
4580,916/4C
4581,917
4582,917/1
4583,917/2B
4584,917/3
4585,917/4A
4586,918
4587,918/1
4588,918/2C
4589,918/3
4590,918/4B
4591,919
4592,919/1
4593,919/2D
4594,919/3
4595,919/4C
4596,920
4597,920/1
4598,920/2B
4599,920/3
4600,920/4A
4601,921
4602,921/1
4603,921/2C
4604,921/3
4605,921/4C
4606,922
4607,922/1
4608,922/2B
4609,922/3
4610,922/4B
4611,923
4612,923/1
4613,923/2D
4614,923/3
4615,923/4D
4616,924
4617,924/1
4618,924/2C
4619,924/3
4620,924/4A
4621,925
4622,925/1
4623,925/2D
4624,925/3
4625,925/4A
4626,926
4627,926/1
4628,926/2B
4629,926/3
4630,926/4B
4631,927
4632,927/1
4633,927/2D
4634,927/3
4635,927/4C
4636,928
4637,928/1
4638,928/2B
4639,928/3
4640,928/4A
4641,929
4642,929/1
4643,929/2C
4644,929/3
4645,929/4D
4646,930
4647,930/1
4648,930/2B
4649,930/3
4650,930/4D
4651,931
4652,931/1
4653,931/2C
4654,931/3
4655,931/4C
4656,932
4657,932/1
4658,932/2C
4659,932/3
4660,932/4A
4661,933
4662,933/1
4663,933/2C
4664,933/3
4665,933/4C
4666,934
4667,934/1
4668,934/2B
4669,934/3
4670,934/4A
4671,935
4672,935/1
4673,935/2A
4674,935/3
4675,935/4D
4676,936
4677,936/1
4678,936/2C
4679,936/3
4680,936/4B
4681,937
4682,937/1
4683,937/2D
4684,937/3
4685,937/4C
4686,938
4687,938/1
4688,938/2A
4689,938/3
4690,938/4C
4691,939
4692,939/1
4693,939/2C
4694,939/3
4695,939/4B
4696,940
4697,940/1
4698,940/2B
4699,940/3
4700,940/4B
4701,941
4702,941/1
4703,941/2D
4704,941/3
4705,941/4B
4706,942
4707,942/1
4708,942/2D
4709,942/3
4710,942/4C
4711,943
4712,943/1
4713,943/2D
4714,943/3
4715,943/4D
4716,944
4717,944/1
4718,944/2B
4719,944/3
4720,944/4B
4721,945
4722,945/1
4723,945/2A
4724,945/3
4725,945/4D
4726,946
4727,946/1
4728,946/2C
4729,946/3
4730,946/4A
4731,947
4732,947/1
4733,947/2A
4734,947/3
4735,947/4A
4736,948
4737,948/1
4738,948/2B
4739,948/3
4740,948/4B
4741,949
4742,949/1
4743,949/2B
4744,949/3
4745,949/4C
4746,950
4747,950/1
4748,950/2D
4749,950/3
4750,950/4A
4751,951
4752,951/1
4753,951/2B
4754,951/3
4755,951/4D
4756,952
4757,952/1
4758,952/2A
4759,952/3
4760,952/4D
4761,953
4762,953/1
4763,953/2A
4764,953/3
4765,953/4D
4766,954
4767,954/1
4768,954/2B
4769,954/3
4770,954/4D
4771,955
4772,955/1
4773,955/2D
4774,955/3
4775,955/4A
4776,956
4777,956/1
4778,956/2D
4779,956/3
4780,956/4C
4781,957
4782,957/1
4783,957/2A
4784,957/3
4785,957/4D
4786,958
4787,958/1
4788,958/2C
4789,958/3
4790,958/4A
4791,959
4792,959/1
4793,959/2B
4794,959/3
4795,959/4A
4796,960
4797,960/1
4798,960/2A
4799,960/3
4800,960/4D
4801,961
4802,961/1
4803,961/2C
4804,961/3
4805,961/4A
4806,962
4807,962/1
4808,962/2A
4809,962/3
4810,962/4A
4811,963
4812,963/1
4813,963/2D
4814,963/3
4815,963/4A
4816,964
4817,964/1
4818,964/2C
4819,964/3
4820,964/4D
4821,965
4822,965/1
4823,965/2B
4824,965/3
4825,965/4B
4826,966
4827,966/1
4828,966/2D
4829,966/3
4830,966/4C
4831,967
4832,967/1
4833,967/2D
4834,967/3
4835,967/4D
4836,968
4837,968/1
4838,968/2D
4839,968/3
4840,968/4D
4841,969
4842,969/1
4843,969/2A
4844,969/3
4845,969/4B
4846,970
4847,970/1
4848,970/2C
4849,970/3
4850,970/4A
4851,971
4852,971/1
4853,971/2B
4854,971/3
4855,971/4D
4856,972
4857,972/1
4858,972/2B
4859,972/3
4860,972/4B
4861,973
4862,973/1
4863,973/2A
4864,973/3
4865,973/4A
4866,974
4867,974/1
4868,974/2C
4869,974/3
4870,974/4D
4871,975
4872,975/1
4873,975/2D
4874,975/3
4875,975/4D
4876,976
4877,976/1
4878,976/2B
4879,976/3
4880,976/4B
4881,977
4882,977/1
4883,977/2D
4884,977/3
4885,977/4C
4886,978
4887,978/1
4888,978/2B
4889,978/3
4890,978/4C
4891,979
4892,979/1
4893,979/2B
4894,979/3
4895,979/4A
4896,980
4897,980/1
4898,980/2A
4899,980/3
4900,980/4D
4901,981
4902,981/1
4903,981/2A
4904,981/3
4905,981/4B
4906,982
4907,982/1
4908,982/2B
4909,982/3
4910,982/4A
4911,983
4912,983/1
4913,983/2A
4914,983/3
4915,983/4A
4916,984
4917,984/1
4918,984/2D
4919,984/3
4920,984/4A
4921,985
4922,985/1
4923,985/2B
4924,985/3
4925,985/4A
4926,986
4927,986/1
4928,986/2D
4929,986/3
4930,986/4D
4931,987
4932,987/1
4933,987/2B
4934,987/3
4935,987/4B
4936,988
4937,988/1
4938,988/2A
4939,988/3
4940,988/4B
4941,989
4942,989/1
4943,989/2C
4944,989/3
4945,989/4B
4946,990
4947,990/1
4948,990/2C
4949,990/3
4950,990/4C
4951,991
4952,991/1
4953,991/2B
4954,991/3
4955,991/4C
4956,992
4957,992/1
4958,992/2B
4959,992/3
4960,992/4B
4961,993
4962,993/1
4963,993/2D
4964,993/3
4965,993/4C
4966,994
4967,994/1
4968,994/2C
4969,994/3
4970,994/4A
4971,995
4972,995/1
4973,995/2B
4974,995/3
4975,995/4D
4976,996
4977,996/1
4978,996/2D
4979,996/3
4980,996/4A
4981,997
4982,997/1
4983,997/2C
4984,997/3
4985,997/4D
4986,998
4987,998/1
4988,998/2C
4989,998/3
4990,998/4D
4991,999
4992,999/1
4993,999/2D
4994,999/3
4995,999/4B
4996,1000
4997,1000/1
4998,1000/2C
4999,1000/3
5000,1000/4D
5001,1001
5002,1001/1
5003,1001/2B
5004,1001/3
5005,1001/4D
5006,1002
5007,1002/1
5008,1002/2B
5009,1002/3
5010,1002/4B
5011,1003
5012,1003/1
5013,1003/2C
5014,1003/3
5015,1003/4B
5016,1004
5017,1004/1
5018,1004/2D
5019,1004/3
5020,1004/4A
5021,1005
5022,1005/1
5023,1005/2D
5024,1005/3
5025,1005/4D
5026,1006
5027,1006/1
5028,1006/2B
5029,1006/3
5030,1006/4D
5031,1007
5032,1007/1
5033,1007/2B
5034,1007/3
5035,1007/4C
5036,1008
5037,1008/1
5038,1008/2B
5039,1008/3
5040,1008/4C
5041,1009
5042,1009/1
5043,1009/2A
5044,1009/3
5045,1009/4D
5046,1010
5047,1010/1
5048,1010/2C
5049,1010/3
5050,1010/4A
5051,1011
5052,1011/1
5053,1011/2B
5054,1011/3
5055,1011/4A
5056,1012
5057,1012/1
5058,1012/2C
5059,1012/3
5060,1012/4D
5061,1013
5062,1013/1
5063,1013/2A
5064,1013/3
5065,1013/4A
5066,1014
5067,1014/1
5068,1014/2B
5069,1014/3
5070,1014/4B
5071,1015
5072,1015/1
5073,1015/2D
5074,1015/3
5075,1015/4B
5076,1016
5077,1016/1
5078,1016/2C
5079,1016/3
5080,1016/4C
5081,1017
5082,1017/1
5083,1017/2A
5084,1017/3
5085,1017/4B
5086,1018
5087,1018/1
5088,1018/2B
5089,1018/3
5090,1018/4A
5091,1019
5092,1019/1
5093,1019/2D
5094,1019/3
5095,1019/4B
5096,1020
5097,1020/1
5098,1020/2B
5099,1020/3
5100,1020/4D
5101,1021
5102,1021/1
5103,1021/2B
5104,1021/3
5105,1021/4C
5106,1022
5107,1022/1
5108,1022/2C
5109,1022/3
5110,1022/4D
5111,1023
5112,1023/1
5113,1023/2D
5114,1023/3
5115,1023/4C
5116,1024
5117,1024/1
5118,1024/2C
5119,1024/3
5120,1024/4C
5121,1025
5122,1025/1
5123,1025/2C
5124,1025/3
5125,1025/4D
5126,1026
5127,1026/1
5128,1026/2D
5129,1026/3
5130,1026/4A
5131,1027
5132,1027/1
5133,1027/2D
5134,1027/3
5135,1027/4C
5136,1028
5137,1028/1
5138,1028/2B
5139,1028/3
5140,1028/4C
5141,1029
5142,1029/1
5143,1029/2C
5144,1029/3
5145,1029/4D
5146,1030
5147,1030/1
5148,1030/2A
5149,1030/3
5150,1030/4B
5151,1031
5152,1031/1
5153,1031/2B
5154,1031/3
5155,1031/4A
5156,1032
5157,1032/1
5158,1032/2C
5159,1032/3
5160,1032/4D
5161,1033
5162,1033/1
5163,1033/2C
5164,1033/3
5165,1033/4B
5166,1034
5167,1034/1
5168,1034/2B
5169,1034/3
5170,1034/4C
5171,1035
5172,1035/1
5173,1035/2B
5174,1035/3
5175,1035/4D
5176,1036
5177,1036/1
5178,1036/2B
5179,1036/3
5180,1036/4D
5181,1037
5182,1037/1
5183,1037/2C
5184,1037/3
5185,1037/4C
5186,1038
5187,1038/1
5188,1038/2D
5189,1038/3
5190,1038/4D
5191,1039
5192,1039/1
5193,1039/2D
5194,1039/3
5195,1039/4B
5196,1040
5197,1040/1
5198,1040/2C
5199,1040/3
5200,1040/4B
5201,1041
5202,1041/1
5203,1041/2B
5204,1041/3
5205,1041/4D
5206,1042
5207,1042/1
5208,1042/2B
5209,1042/3
5210,1042/4A
5211,1043
5212,1043/1
5213,1043/2A
5214,1043/3
5215,1043/4A
5216,1044
5217,1044/1
5218,1044/2A
5219,1044/3
5220,1044/4A
5221,1045
5222,1045/1
5223,1045/2D
5224,1045/3
5225,1045/4B
5226,1046
5227,1046/1
5228,1046/2B
5229,1046/3
5230,1046/4A
5231,1047
5232,1047/1
5233,1047/2B
5234,1047/3
5235,1047/4A
5236,1048
5237,1048/1
5238,1048/2B
5239,1048/3
5240,1048/4D
5241,1049
5242,1049/1
5243,1049/2C
5244,1049/3
5245,1049/4A
5246,1050
5247,1050/1
5248,1050/2D
5249,1050/3
5250,1050/4D
5251,1051
5252,1051/1
5253,1051/2A
5254,1051/3
5255,1051/4A
5256,1052
5257,1052/1
5258,1052/2D
5259,1052/3
5260,1052/4A
5261,1053
5262,1053/1
5263,1053/2A
5264,1053/3
5265,1053/4C
5266,1054
5267,1054/1
5268,1054/2C
5269,1054/3
5270,1054/4A
5271,1055
5272,1055/1
5273,1055/2D
5274,1055/3
5275,1055/4B
5276,1056
5277,1056/1
5278,1056/2A
5279,1056/3
5280,1056/4A
5281,1057
5282,1057/1
5283,1057/2B
5284,1057/3
5285,1057/4B
5286,1058
5287,1058/1
5288,1058/2B
5289,1058/3
5290,1058/4C
5291,1059
5292,1059/1
5293,1059/2C
5294,1059/3
5295,1059/4C
5296,1060
5297,1060/1
5298,1060/2D
5299,1060/3
5300,1060/4A
5301,1061
5302,1061/1
5303,1061/2C
5304,1061/3
5305,1061/4D
5306,1062
5307,1062/1
5308,1062/2D
5309,1062/3
5310,1062/4B
5311,1063
5312,1063/1
5313,1063/2B
5314,1063/3
5315,1063/4C
5316,1064
5317,1064/1
5318,1064/2A
5319,1064/3
5320,1064/4A
5321,1065
5322,1065/1
5323,1065/2A
5324,1065/3
5325,1065/4D
5326,1066
5327,1066/1
5328,1066/2D
5329,1066/3
5330,1066/4D
5331,1067
5332,1067/1
5333,1067/2D
5334,1067/3
5335,1067/4A
5336,1068
5337,1068/1
5338,1068/2A
5339,1068/3
5340,1068/4B
5341,1069
5342,1069/1
5343,1069/2A
5344,1069/3
5345,1069/4D
5346,1070
5347,1070/1
5348,1070/2D
5349,1070/3
5350,1070/4C
5351,1071
5352,1071/1
5353,1071/2A
5354,1071/3
5355,1071/4A
5356,1072
5357,1072/1
5358,1072/2B
5359,1072/3
5360,1072/4B
5361,1073
5362,1073/1
5363,1073/2D
5364,1073/3
5365,1073/4C
5366,1074
5367,1074/1
5368,1074/2A
5369,1074/3
5370,1074/4A
5371,1075
5372,1075/1
5373,1075/2C
5374,1075/3
5375,1075/4A
5376,1076
5377,1076/1
5378,1076/2B
5379,1076/3
5380,1076/4C
5381,1077
5382,1077/1
5383,1077/2A
5384,1077/3
5385,1077/4B
5386,1078
5387,1078/1
5388,1078/2B
5389,1078/3
5390,1078/4D
5391,1079
5392,1079/1
5393,1079/2A
5394,1079/3
5395,1079/4C
5396,1080
5397,1080/1
5398,1080/2B
5399,1080/3
5400,1080/4B
5401,1081
5402,1081/1
5403,1081/2D
5404,1081/3
5405,1081/4C
5406,1082
5407,1082/1
5408,1082/2D
5409,1082/3
5410,1082/4B
5411,1083
5412,1083/1
5413,1083/2A
5414,1083/3
5415,1083/4C
5416,1084
5417,1084/1
5418,1084/2A
5419,1084/3
5420,1084/4A
5421,1085
5422,1085/1
5423,1085/2D
5424,1085/3
5425,1085/4B
5426,1086
5427,1086/1
5428,1086/2A
5429,1086/3
5430,1086/4C
5431,1087
5432,1087/1
5433,1087/2D
5434,1087/3
5435,1087/4C
5436,1088
5437,1088/1
5438,1088/2A
5439,1088/3
5440,1088/4C
5441,1089
5442,1089/1
5443,1089/2D
5444,1089/3
5445,1089/4D
5446,1090
5447,1090/1
5448,1090/2B
5449,1090/3
5450,1090/4C
5451,1091
5452,1091/1
5453,1091/2D
5454,1091/3
5455,1091/4D
5456,1092
5457,1092/1
5458,1092/2B
5459,1092/3
5460,1092/4D
5461,1093
5462,1093/1
5463,1093/2A
5464,1093/3
5465,1093/4C
5466,1094
5467,1094/1
5468,1094/2B
5469,1094/3
5470,1094/4A
5471,1095
5472,1095/1
5473,1095/2A
5474,1095/3
5475,1095/4C
5476,1096
5477,1096/1
5478,1096/2B
5479,1096/3
5480,1096/4D
5481,1097
5482,1097/1
5483,1097/2B
5484,1097/3
5485,1097/4D
5486,1098
5487,1098/1
5488,1098/2C
5489,1098/3
5490,1098/4C
5491,1099
5492,1099/1
5493,1099/2A
5494,1099/3
5495,1099/4A
5496,1100
5497,1100/1
5498,1100/2A
5499,1100/3
5500,1100/4C
5501,1101
5502,1101/1
5503,1101/2D
5504,1101/3
5505,1101/4C
5506,1102
5507,1102/1
5508,1102/2C
5509,1102/3
5510,1102/4A
5511,1103
5512,1103/1
5513,1103/2B
5514,1103/3
5515,1103/4A
5516,1104
5517,1104/1
5518,1104/2B
5519,1104/3
5520,1104/4D
5521,1105
5522,1105/1
5523,1105/2D
5524,1105/3
5525,1105/4D
5526,1106
5527,1106/1
5528,1106/2A
5529,1106/3
5530,1106/4A
5531,1107
5532,1107/1
5533,1107/2A
5534,1107/3
5535,1107/4C
5536,1108
5537,1108/1
5538,1108/2A
5539,1108/3
5540,1108/4C
5541,1109
5542,1109/1
5543,1109/2D
5544,1109/3
5545,1109/4A
5546,1110
5547,1110/1
5548,1110/2C
5549,1110/3
5550,1110/4D
5551,1111
5552,1111/1
5553,1111/2D
5554,1111/3
5555,1111/4A
5556,1112
5557,1112/1
5558,1112/2B
5559,1112/3
5560,1112/4B
5561,1113
5562,1113/1
5563,1113/2D
5564,1113/3
5565,1113/4B
5566,1114
5567,1114/1
5568,1114/2B
5569,1114/3
5570,1114/4C
5571,1115
5572,1115/1
5573,1115/2C
5574,1115/3
5575,1115/4C
5576,1116
5577,1116/1
5578,1116/2D
5579,1116/3
5580,1116/4B
5581,1117
5582,1117/1
5583,1117/2A
5584,1117/3
5585,1117/4B
5586,1118
5587,1118/1
5588,1118/2D
5589,1118/3
5590,1118/4C
5591,1119
5592,1119/1
5593,1119/2D
5594,1119/3
5595,1119/4C
5596,1120
5597,1120/1
5598,1120/2D
5599,1120/3
5600,1120/4A
5601,1121
5602,1121/1
5603,1121/2C
5604,1121/3
5605,1121/4C
5606,1122
5607,1122/1
5608,1122/2B
5609,1122/3
5610,1122/4D
5611,1123
5612,1123/1
5613,1123/2B
5614,1123/3
5615,1123/4D
5616,1124
5617,1124/1
5618,1124/2A
5619,1124/3
5620,1124/4B
5621,1125
5622,1125/1
5623,1125/2C
5624,1125/3
5625,1125/4A
5626,1126
5627,1126/1
5628,1126/2D
5629,1126/3
5630,1126/4C
5631,1127
5632,1127/1
5633,1127/2D
5634,1127/3
5635,1127/4C
5636,1128
5637,1128/1
5638,1128/2D
5639,1128/3
5640,1128/4C
5641,1129
5642,1129/1
5643,1129/2D
5644,1129/3
5645,1129/4B
5646,1130
5647,1130/1
5648,1130/2C
5649,1130/3
5650,1130/4C
5651,1131
5652,1131/1
5653,1131/2B
5654,1131/3
5655,1131/4D
5656,1132
5657,1132/1
5658,1132/2C
5659,1132/3
5660,1132/4B
5661,1133
5662,1133/1
5663,1133/2D
5664,1133/3
5665,1133/4C
5666,1134
5667,1134/1
5668,1134/2C
5669,1134/3
5670,1134/4D
5671,1135
5672,1135/1
5673,1135/2B
5674,1135/3
5675,1135/4C
5676,1136
5677,1136/1
5678,1136/2D
5679,1136/3
5680,1136/4C
5681,1137
5682,1137/1
5683,1137/2D
5684,1137/3
5685,1137/4C
5686,1138
5687,1138/1
5688,1138/2A
5689,1138/3
5690,1138/4B
5691,1139
5692,1139/1
5693,1139/2B
5694,1139/3
5695,1139/4A
5696,1140
5697,1140/1
5698,1140/2D
5699,1140/3
5700,1140/4B
5701,1141
5702,1141/1
5703,1141/2D
5704,1141/3
5705,1141/4C
5706,1142
5707,1142/1
5708,1142/2A
5709,1142/3
5710,1142/4D
5711,1143
5712,1143/1
5713,1143/2D
5714,1143/3
5715,1143/4B
5716,1144
5717,1144/1
5718,1144/2C
5719,1144/3
5720,1144/4B
5721,1145
5722,1145/1
5723,1145/2C
5724,1145/3
5725,1145/4B
5726,1146
5727,1146/1
5728,1146/2D
5729,1146/3
5730,1146/4D
5731,1147
5732,1147/1
5733,1147/2A
5734,1147/3
5735,1147/4D
5736,1148
5737,1148/1
5738,1148/2D
5739,1148/3
5740,1148/4D
5741,1149
5742,1149/1
5743,1149/2D
5744,1149/3
5745,1149/4A
5746,1150
5747,1150/1
5748,1150/2C
5749,1150/3
5750,1150/4A
5751,1151
5752,1151/1
5753,1151/2A
5754,1151/3
5755,1151/4B
5756,1152
5757,1152/1
5758,1152/2C
5759,1152/3
5760,1152/4B
5761,1153
5762,1153/1
5763,1153/2A
5764,1153/3
5765,1153/4D
5766,1154
5767,1154/1
5768,1154/2C
5769,1154/3
5770,1154/4D
5771,1155
5772,1155/1
5773,1155/2A
5774,1155/3
5775,1155/4A
5776,1156
5777,1156/1
5778,1156/2A
5779,1156/3
5780,1156/4C
5781,1157
5782,1157/1
5783,1157/2B
5784,1157/3
5785,1157/4B
5786,1158
5787,1158/1
5788,1158/2D
5789,1158/3
5790,1158/4C
5791,1159
5792,1159/1
5793,1159/2D
5794,1159/3
5795,1159/4D
5796,1160
5797,1160/1
5798,1160/2B
5799,1160/3
5800,1160/4C
5801,1161
5802,1161/1
5803,1161/2A
5804,1161/3
5805,1161/4D
5806,1162
5807,1162/1
5808,1162/2A
5809,1162/3
5810,1162/4C
5811,1163
5812,1163/1
5813,1163/2D
5814,1163/3
5815,1163/4A
5816,1164
5817,1164/1
5818,1164/2A
5819,1164/3
5820,1164/4B
5821,1165
5822,1165/1
5823,1165/2C
5824,1165/3
5825,1165/4C
5826,1166
5827,1166/1
5828,1166/2C
5829,1166/3
5830,1166/4D
5831,1167
5832,1167/1
5833,1167/2B
5834,1167/3
5835,1167/4D
5836,1168
5837,1168/1
5838,1168/2C
5839,1168/3
5840,1168/4D
5841,1169
5842,1169/1
5843,1169/2A
5844,1169/3
5845,1169/4D
5846,1170
5847,1170/1
5848,1170/2D
5849,1170/3
5850,1170/4C
5851,1171
5852,1171/1
5853,1171/2A
5854,1171/3
5855,1171/4C
5856,1172
5857,1172/1
5858,1172/2A
5859,1172/3
5860,1172/4A
5861,1173
5862,1173/1
5863,1173/2A
5864,1173/3
5865,1173/4C
5866,1174
5867,1174/1
5868,1174/2A
5869,1174/3
5870,1174/4B
5871,1175
5872,1175/1
5873,1175/2B
5874,1175/3
5875,1175/4B
5876,1176
5877,1176/1
5878,1176/2B
5879,1176/3
5880,1176/4C
5881,1177
5882,1177/1
5883,1177/2D
5884,1177/3
5885,1177/4D
5886,1178
5887,1178/1
5888,1178/2B
5889,1178/3
5890,1178/4D
5891,1179
5892,1179/1
5893,1179/2B
5894,1179/3
5895,1179/4B
5896,1180
5897,1180/1
5898,1180/2D
5899,1180/3
5900,1180/4D
5901,1181
5902,1181/1
5903,1181/2A
5904,1181/3
5905,1181/4B
5906,1182
5907,1182/1
5908,1182/2D
5909,1182/3
5910,1182/4D
5911,1183
5912,1183/1
5913,1183/2D
5914,1183/3
5915,1183/4A
5916,1184
5917,1184/1
5918,1184/2B
5919,1184/3
5920,1184/4B
5921,1185
5922,1185/1
5923,1185/2C
5924,1185/3
5925,1185/4A
5926,1186
5927,1186/1
5928,1186/2A
5929,1186/3
5930,1186/4B
5931,1187
5932,1187/1
5933,1187/2C
5934,1187/3
5935,1187/4C
5936,1188
5937,1188/1
5938,1188/2B
5939,1188/3
5940,1188/4D
5941,1189
5942,1189/1
5943,1189/2A
5944,1189/3
5945,1189/4C
5946,1190
5947,1190/1
5948,1190/2D
5949,1190/3
5950,1190/4C
5951,1191
5952,1191/1
5953,1191/2D
5954,1191/3
5955,1191/4D
5956,1192
5957,1192/1
5958,1192/2A
5959,1192/3
5960,1192/4C
5961,1193
5962,1193/1
5963,1193/2C
5964,1193/3
5965,1193/4D
5966,1194
5967,1194/1
5968,1194/2B
5969,1194/3
5970,1194/4C
5971,1195
5972,1195/1
5973,1195/2A
5974,1195/3
5975,1195/4B
5976,1196
5977,1196/1
5978,1196/2C
5979,1196/3
5980,1196/4A
5981,1197
5982,1197/1
5983,1197/2B
5984,1197/3
5985,1197/4C
5986,1198
5987,1198/1
5988,1198/2A
5989,1198/3
5990,1198/4B
5991,1199
5992,1199/1
5993,1199/2C
5994,1199/3
5995,1199/4B
5996,1200
5997,1200/1
5998,1200/2D
5999,1200/3
6000,1200/4D
6001,1201
6002,1201/1
6003,1201/2B
6004,1201/3
6005,1201/4D
6006,1202
6007,1202/1
6008,1202/2D
6009,1202/3
6010,1202/4B
6011,1203
6012,1203/1
6013,1203/2D
6014,1203/3
6015,1203/4B
6016,1204
6017,1204/1
6018,1204/2B
6019,1204/3
6020,1204/4D
6021,1205
6022,1205/1
6023,1205/2C
6024,1205/3
6025,1205/4B
6026,1206
6027,1206/1
6028,1206/2B
6029,1206/3
6030,1206/4C
6031,1207
6032,1207/1
6033,1207/2D
6034,1207/3
6035,1207/4A
6036,1208
6037,1208/1
6038,1208/2C
6039,1208/3
6040,1208/4A
6041,1209
6042,1209/1
6043,1209/2D
6044,1209/3
6045,1209/4B
6046,1210
6047,1210/1
6048,1210/2B
6049,1210/3
6050,1210/4D
6051,1211
6052,1211/1
6053,1211/2D
6054,1211/3
6055,1211/4D
6056,1212
6057,1212/1
6058,1212/2D
6059,1212/3
6060,1212/4D
6061,1213
6062,1213/1
6063,1213/2D
6064,1213/3
6065,1213/4D
6066,1214
6067,1214/1
6068,1214/2B
6069,1214/3
6070,1214/4A
6071,1215
6072,1215/1
6073,1215/2A
6074,1215/3
6075,1215/4B
6076,1216
6077,1216/1
6078,1216/2C
6079,1216/3
6080,1216/4A
6081,1217
6082,1217/1
6083,1217/2C
6084,1217/3
6085,1217/4B
6086,1218
6087,1218/1
6088,1218/2C
6089,1218/3
6090,1218/4B
6091,1219
6092,1219/1
6093,1219/2D
6094,1219/3
6095,1219/4D
6096,1220
6097,1220/1
6098,1220/2A
6099,1220/3
6100,1220/4A
6101,1221
6102,1221/1
6103,1221/2C
6104,1221/3
6105,1221/4C
6106,1222
6107,1222/1
6108,1222/2A
6109,1222/3
6110,1222/4D
6111,1223
6112,1223/1
6113,1223/2B
6114,1223/3
6115,1223/4D
6116,1224
6117,1224/1
6118,1224/2A
6119,1224/3
6120,1224/4B
6121,1225
6122,1225/1
6123,1225/2C
6124,1225/3
6125,1225/4A
6126,1226
6127,1226/1
6128,1226/2D
6129,1226/3
6130,1226/4C
6131,1227
6132,1227/1
6133,1227/2C
6134,1227/3
6135,1227/4A
6136,1228
6137,1228/1
6138,1228/2D
6139,1228/3
6140,1228/4A
6141,1229
6142,1229/1
6143,1229/2B
6144,1229/3
6145,1229/4B
6146,1230
6147,1230/1
6148,1230/2C
6149,1230/3
6150,1230/4D
6151,1231
6152,1231/1
6153,1231/2B
6154,1231/3
6155,1231/4B
6156,1232
6157,1232/1
6158,1232/2B
6159,1232/3
6160,1232/4B
6161,1233
6162,1233/1
6163,1233/2A
6164,1233/3
6165,1233/4C
6166,1234
6167,1234/1
6168,1234/2C
6169,1234/3
6170,1234/4B
6171,1235
6172,1235/1
6173,1235/2C
6174,1235/3
6175,1235/4C
6176,1236
6177,1236/1
6178,1236/2C
6179,1236/3
6180,1236/4C
6181,1237
6182,1237/1
6183,1237/2A
6184,1237/3
6185,1237/4B
6186,1238
6187,1238/1
6188,1238/2D
6189,1238/3
6190,1238/4A
6191,1239
6192,1239/1
6193,1239/2C
6194,1239/3
6195,1239/4B
6196,1240
6197,1240/1
6198,1240/2B
6199,1240/3
6200,1240/4B
6201,1241
6202,1241/1
6203,1241/2B
6204,1241/3
6205,1241/4C
6206,1242
6207,1242/1
6208,1242/2B
6209,1242/3
6210,1242/4D
6211,1243
6212,1243/1
6213,1243/2D
6214,1243/3
6215,1243/4B
6216,1244
6217,1244/1
6218,1244/2C
6219,1244/3
6220,1244/4D
6221,1245
6222,1245/1
6223,1245/2D
6224,1245/3
6225,1245/4D
6226,1246
6227,1246/1
6228,1246/2A
6229,1246/3
6230,1246/4A
6231,1247
6232,1247/1
6233,1247/2D
6234,1247/3
6235,1247/4C
6236,1248
6237,1248/1
6238,1248/2C
6239,1248/3
6240,1248/4D
6241,1249
6242,1249/1
6243,1249/2D
6244,1249/3
6245,1249/4C
6246,1250
6247,1250/1
6248,1250/2A
6249,1250/3
6250,1250/4A
6251,1251
6252,1251/1
6253,1251/2D
6254,1251/3
6255,1251/4C
6256,1252
6257,1252/1
6258,1252/2A
6259,1252/3
6260,1252/4D
6261,1253
6262,1253/1
6263,1253/2B
6264,1253/3
6265,1253/4D
6266,1254
6267,1254/1
6268,1254/2B
6269,1254/3
6270,1254/4D
6271,1255
6272,1255/1
6273,1255/2C
6274,1255/3
6275,1255/4C
6276,1256
6277,1256/1
6278,1256/2C
6279,1256/3
6280,1256/4C
6281,1257
6282,1257/1
6283,1257/2B
6284,1257/3
6285,1257/4D
6286,1258
6287,1258/1
6288,1258/2C
6289,1258/3
6290,1258/4A
6291,1259
6292,1259/1
6293,1259/2A
6294,1259/3
6295,1259/4A
6296,1260
6297,1260/1
6298,1260/2D
6299,1260/3
6300,1260/4A
6301,1261
6302,1261/1
6303,1261/2A
6304,1261/3
6305,1261/4B
6306,1262
6307,1262/1
6308,1262/2D
6309,1262/3
6310,1262/4D
6311,1263
6312,1263/1
6313,1263/2A
6314,1263/3
6315,1263/4D
6316,1264
6317,1264/1
6318,1264/2B
6319,1264/3
6320,1264/4B
6321,1265
6322,1265/1
6323,1265/2C
6324,1265/3
6325,1265/4B
6326,1266
6327,1266/1
6328,1266/2C
6329,1266/3
6330,1266/4A
6331,1267
6332,1267/1
6333,1267/2C
6334,1267/3
6335,1267/4C
6336,1268
6337,1268/1
6338,1268/2A
6339,1268/3
6340,1268/4C
6341,1269
6342,1269/1
6343,1269/2B
6344,1269/3
6345,1269/4A
6346,1270
6347,1270/1
6348,1270/2D
6349,1270/3
6350,1270/4C
6351,1271
6352,1271/1
6353,1271/2B
6354,1271/3
6355,1271/4D
6356,1272
6357,1272/1
6358,1272/2A
6359,1272/3
6360,1272/4A
6361,1273
6362,1273/1
6363,1273/2A
6364,1273/3
6365,1273/4B
6366,1274
6367,1274/1
6368,1274/2D
6369,1274/3
6370,1274/4A
6371,1275
6372,1275/1
6373,1275/2B
6374,1275/3
6375,1275/4B
6376,1276
6377,1276/1
6378,1276/2D
6379,1276/3
6380,1276/4A
6381,1277
6382,1277/1
6383,1277/2A
6384,1277/3
6385,1277/4C
6386,1278
6387,1278/1
6388,1278/2A
6389,1278/3
6390,1278/4D
6391,1279
6392,1279/1
6393,1279/2B
6394,1279/3
6395,1279/4D
6396,1280
6397,1280/1
6398,1280/2A
6399,1280/3
6400,1280/4B
6401,1281
6402,1281/1
6403,1281/2D
6404,1281/3
6405,1281/4A
6406,1282
6407,1282/1
6408,1282/2A
6409,1282/3
6410,1282/4A
6411,1283
6412,1283/1
6413,1283/2C
6414,1283/3
6415,1283/4C
6416,1284
6417,1284/1
6418,1284/2C
6419,1284/3
6420,1284/4B
6421,1285
6422,1285/1
6423,1285/2D
6424,1285/3
6425,1285/4B
6426,1286
6427,1286/1
6428,1286/2B
6429,1286/3
6430,1286/4A
6431,1287
6432,1287/1
6433,1287/2A
6434,1287/3
6435,1287/4B
6436,1288
6437,1288/1
6438,1288/2D
6439,1288/3
6440,1288/4C
6441,1289
6442,1289/1
6443,1289/2B
6444,1289/3
6445,1289/4B
6446,1290
6447,1290/1
6448,1290/2D
6449,1290/3
6450,1290/4D
6451,1291
6452,1291/1
6453,1291/2B
6454,1291/3
6455,1291/4A
6456,1292
6457,1292/1
6458,1292/2A
6459,1292/3
6460,1292/4B
6461,1293
6462,1293/1
6463,1293/2A
6464,1293/3
6465,1293/4D
6466,1294
6467,1294/1
6468,1294/2C
6469,1294/3
6470,1294/4D
6471,1295
6472,1295/1
6473,1295/2C
6474,1295/3
6475,1295/4B
6476,1296
6477,1296/1
6478,1296/2B
6479,1296/3
6480,1296/4C
6481,1297
6482,1297/1
6483,1297/2A
6484,1297/3
6485,1297/4B
6486,1298
6487,1298/1
6488,1298/2C
6489,1298/3
6490,1298/4A
6491,1299
6492,1299/1
6493,1299/2C
6494,1299/3
6495,1299/4B
6496,1300
6497,1300/1
6498,1300/2B
6499,1300/3
6500,1300/4D
6501,1301
6502,1301/1
6503,1301/2C
6504,1301/3
6505,1301/4A
6506,1302
6507,1302/1
6508,1302/2B
6509,1302/3
6510,1302/4D
6511,1303
6512,1303/1
6513,1303/2D
6514,1303/3
6515,1303/4A
6516,1304
6517,1304/1
6518,1304/2B
6519,1304/3
6520,1304/4D
6521,1305
6522,1305/1
6523,1305/2A
6524,1305/3
6525,1305/4A
6526,1306
6527,1306/1
6528,1306/2C
6529,1306/3
6530,1306/4C
6531,1307
6532,1307/1
6533,1307/2B
6534,1307/3
6535,1307/4D
6536,1308
6537,1308/1
6538,1308/2D
6539,1308/3
6540,1308/4C
6541,1309
6542,1309/1
6543,1309/2B
6544,1309/3
6545,1309/4D
6546,1310
6547,1310/1
6548,1310/2A
6549,1310/3
6550,1310/4A
6551,1311
6552,1311/1
6553,1311/2A
6554,1311/3
6555,1311/4A
6556,1312
6557,1312/1
6558,1312/2C
6559,1312/3
6560,1312/4B
6561,1313
6562,1313/1
6563,1313/2A
6564,1313/3
6565,1313/4A
6566,1314
6567,1314/1
6568,1314/2D
6569,1314/3
6570,1314/4C
6571,1315
6572,1315/1
6573,1315/2D
6574,1315/3
6575,1315/4D
6576,1316
6577,1316/1
6578,1316/2D
6579,1316/3
6580,1316/4A
6581,1317
6582,1317/1
6583,1317/2B
6584,1317/3
6585,1317/4C
6586,1318
6587,1318/1
6588,1318/2A
6589,1318/3
6590,1318/4C
6591,1319
6592,1319/1
6593,1319/2A
6594,1319/3
6595,1319/4B
6596,1320
6597,1320/1
6598,1320/2B
6599,1320/3
6600,1320/4C
6601,1321
6602,1321/1
6603,1321/2D
6604,1321/3
6605,1321/4A
6606,1322
6607,1322/1
6608,1322/2C
6609,1322/3
6610,1322/4D
6611,1323
6612,1323/1
6613,1323/2B
6614,1323/3
6615,1323/4A
6616,1324
6617,1324/1
6618,1324/2B
6619,1324/3
6620,1324/4A
6621,1325
6622,1325/1
6623,1325/2D
6624,1325/3
6625,1325/4A
6626,1326
6627,1326/1
6628,1326/2D
6629,1326/3
6630,1326/4A
6631,1327
6632,1327/1
6633,1327/2C
6634,1327/3
6635,1327/4B
6636,1328
6637,1328/1
6638,1328/2A
6639,1328/3
6640,1328/4A
6641,1329
6642,1329/1
6643,1329/2B
6644,1329/3
6645,1329/4A
6646,1330
6647,1330/1
6648,1330/2B
6649,1330/3
6650,1330/4D
6651,1331
6652,1331/1
6653,1331/2C
6654,1331/3
6655,1331/4C
6656,1332
6657,1332/1
6658,1332/2B
6659,1332/3
6660,1332/4C
6661,1333
6662,1333/1
6663,1333/2B
6664,1333/3
6665,1333/4C
6666,1334
6667,1334/1
6668,1334/2A
6669,1334/3
6670,1334/4A
6671,1335
6672,1335/1
6673,1335/2C
6674,1335/3
6675,1335/4D
6676,1336
6677,1336/1
6678,1336/2C
6679,1336/3
6680,1336/4A
6681,1337
6682,1337/1
6683,1337/2C
6684,1337/3
6685,1337/4A
6686,1338
6687,1338/1
6688,1338/2D
6689,1338/3
6690,1338/4D
6691,1339
6692,1339/1
6693,1339/2C
6694,1339/3
6695,1339/4A
6696,1340
6697,1340/1
6698,1340/2D
6699,1340/3
6700,1340/4B
6701,1341
6702,1341/1
6703,1341/2C
6704,1341/3
6705,1341/4B
6706,1342
6707,1342/1
6708,1342/2C
6709,1342/3
6710,1342/4A
6711,1343
6712,1343/1
6713,1343/2A
6714,1343/3
6715,1343/4B
6716,1344
6717,1344/1
6718,1344/2A
6719,1344/3
6720,1344/4A
6721,1345
6722,1345/1
6723,1345/2A
6724,1345/3
6725,1345/4B
6726,1346
6727,1346/1
6728,1346/2A
6729,1346/3
6730,1346/4D
6731,1347
6732,1347/1
6733,1347/2C
6734,1347/3
6735,1347/4D
6736,1348
6737,1348/1
6738,1348/2B
6739,1348/3
6740,1348/4B
6741,1349
6742,1349/1
6743,1349/2A
6744,1349/3
6745,1349/4D
6746,1350
6747,1350/1
6748,1350/2B
6749,1350/3
6750,1350/4C
6751,1351
6752,1351/1
6753,1351/2B
6754,1351/3
6755,1351/4D
6756,1352
6757,1352/1
6758,1352/2C
6759,1352/3
6760,1352/4C
6761,1353
6762,1353/1
6763,1353/2A
6764,1353/3
6765,1353/4C
6766,1354
6767,1354/1
6768,1354/2A
6769,1354/3
6770,1354/4A
6771,1355
6772,1355/1
6773,1355/2B
6774,1355/3
6775,1355/4B
6776,1356
6777,1356/1
6778,1356/2A
6779,1356/3
6780,1356/4D
6781,1357
6782,1357/1
6783,1357/2A
6784,1357/3
6785,1357/4D
6786,1358
6787,1358/1
6788,1358/2C
6789,1358/3
6790,1358/4C
6791,1359
6792,1359/1
6793,1359/2C
6794,1359/3
6795,1359/4A
6796,1360
6797,1360/1
6798,1360/2D
6799,1360/3
6800,1360/4A
6801,1361
6802,1361/1
6803,1361/2C
6804,1361/3
6805,1361/4B
6806,1362
6807,1362/1
6808,1362/2C
6809,1362/3
6810,1362/4C
6811,1363
6812,1363/1
6813,1363/2B
6814,1363/3
6815,1363/4D
6816,1364
6817,1364/1
6818,1364/2C
6819,1364/3
6820,1364/4D
6821,1365
6822,1365/1
6823,1365/2B
6824,1365/3
6825,1365/4B
6826,1366
6827,1366/1
6828,1366/2B
6829,1366/3
6830,1366/4A
6831,1367
6832,1367/1
6833,1367/2D
6834,1367/3
6835,1367/4A
6836,1368
6837,1368/1
6838,1368/2B
6839,1368/3
6840,1368/4C
6841,1369
6842,1369/1
6843,1369/2A
6844,1369/3
6845,1369/4C
6846,1370
6847,1370/1
6848,1370/2A
6849,1370/3
6850,1370/4D
6851,1371
6852,1371/1
6853,1371/2C
6854,1371/3
6855,1371/4A
6856,1372
6857,1372/1
6858,1372/2B
6859,1372/3
6860,1372/4B
6861,1373
6862,1373/1
6863,1373/2D
6864,1373/3
6865,1373/4D
6866,1374
6867,1374/1
6868,1374/2A
6869,1374/3
6870,1374/4B
6871,1375
6872,1375/1
6873,1375/2C
6874,1375/3
6875,1375/4A
6876,1376
6877,1376/1
6878,1376/2A
6879,1376/3
6880,1376/4B
6881,1377
6882,1377/1
6883,1377/2D
6884,1377/3
6885,1377/4C
6886,1378
6887,1378/1
6888,1378/2D
6889,1378/3
6890,1378/4A
6891,1379
6892,1379/1
6893,1379/2A
6894,1379/3
6895,1379/4B
6896,1380
6897,1380/1
6898,1380/2D
6899,1380/3
6900,1380/4A
6901,1381
6902,1381/1
6903,1381/2A
6904,1381/3
6905,1381/4D
6906,1382
6907,1382/1
6908,1382/2B
6909,1382/3
6910,1382/4B
6911,1383
6912,1383/1
6913,1383/2C
6914,1383/3
6915,1383/4C
6916,1384
6917,1384/1
6918,1384/2C
6919,1384/3
6920,1384/4D
6921,1385
6922,1385/1
6923,1385/2C
6924,1385/3
6925,1385/4C
6926,1386
6927,1386/1
6928,1386/2D
6929,1386/3
6930,1386/4C
6931,1387
6932,1387/1
6933,1387/2B
6934,1387/3
6935,1387/4A
6936,1388
6937,1388/1
6938,1388/2B
6939,1388/3
6940,1388/4B
6941,1389
6942,1389/1
6943,1389/2A
6944,1389/3
6945,1389/4B
6946,1390
6947,1390/1
6948,1390/2A
6949,1390/3
6950,1390/4B
6951,1391
6952,1391/1
6953,1391/2D
6954,1391/3
6955,1391/4D
6956,1392
6957,1392/1
6958,1392/2C
6959,1392/3
6960,1392/4D
6961,1393
6962,1393/1
6963,1393/2A
6964,1393/3
6965,1393/4C
6966,1394
6967,1394/1
6968,1394/2B
6969,1394/3
6970,1394/4D
6971,1395
6972,1395/1
6973,1395/2C
6974,1395/3
6975,1395/4D
6976,1396
6977,1396/1
6978,1396/2C
6979,1396/3
6980,1396/4A
6981,1397
6982,1397/1
6983,1397/2A
6984,1397/3
6985,1397/4B
6986,1398
6987,1398/1
6988,1398/2C
6989,1398/3
6990,1398/4A
6991,1399
6992,1399/1
6993,1399/2B
6994,1399/3
6995,1399/4C
6996,1400
6997,1400/1
6998,1400/2B
6999,1400/3
7000,1400/4A
7001,1401
7002,1401/1
7003,1401/2B
7004,1401/3
7005,1401/4C
7006,1402
7007,1402/1
7008,1402/2D
7009,1402/3
7010,1402/4A
7011,1403
7012,1403/1
7013,1403/2C
7014,1403/3
7015,1403/4C
7016,1404
7017,1404/1
7018,1404/2B
7019,1404/3
7020,1404/4A
7021,1405
7022,1405/1
7023,1405/2D
7024,1405/3
7025,1405/4D
7026,1406
7027,1406/1
7028,1406/2B
7029,1406/3
7030,1406/4A
7031,1407
7032,1407/1
7033,1407/2D
7034,1407/3
7035,1407/4A
7036,1408
7037,1408/1
7038,1408/2B
7039,1408/3
7040,1408/4A
7041,1409
7042,1409/1
7043,1409/2A
7044,1409/3
7045,1409/4A
7046,1410
7047,1410/1
7048,1410/2B
7049,1410/3
7050,1410/4B
7051,1411
7052,1411/1
7053,1411/2B
7054,1411/3
7055,1411/4D
7056,1412
7057,1412/1
7058,1412/2C
7059,1412/3
7060,1412/4A
7061,1413
7062,1413/1
7063,1413/2C
7064,1413/3
7065,1413/4A
7066,1414
7067,1414/1
7068,1414/2A
7069,1414/3
7070,1414/4A
7071,1415
7072,1415/1
7073,1415/2B
7074,1415/3
7075,1415/4D
7076,1416
7077,1416/1
7078,1416/2B
7079,1416/3
7080,1416/4A
7081,1417
7082,1417/1
7083,1417/2C
7084,1417/3
7085,1417/4A
7086,1418
7087,1418/1
7088,1418/2A
7089,1418/3
7090,1418/4D
7091,1419
7092,1419/1
7093,1419/2A
7094,1419/3
7095,1419/4B
7096,1420
7097,1420/1
7098,1420/2D
7099,1420/3
7100,1420/4D
7101,1421
7102,1421/1
7103,1421/2D
7104,1421/3
7105,1421/4A
7106,1422
7107,1422/1
7108,1422/2D
7109,1422/3
7110,1422/4D
7111,1423
7112,1423/1
7113,1423/2B
7114,1423/3
7115,1423/4C
7116,1424
7117,1424/1
7118,1424/2B
7119,1424/3
7120,1424/4B
7121,1425
7122,1425/1
7123,1425/2C
7124,1425/3
7125,1425/4C
7126,1426
7127,1426/1
7128,1426/2D
7129,1426/3
7130,1426/4B
7131,1427
7132,1427/1
7133,1427/2A
7134,1427/3
7135,1427/4B
7136,1428
7137,1428/1
7138,1428/2C
7139,1428/3
7140,1428/4D
7141,1429
7142,1429/1
7143,1429/2D
7144,1429/3
7145,1429/4D
7146,1430
7147,1430/1
7148,1430/2A
7149,1430/3
7150,1430/4A
7151,1431
7152,1431/1
7153,1431/2C
7154,1431/3
7155,1431/4D
7156,1432
7157,1432/1
7158,1432/2B
7159,1432/3
7160,1432/4D
7161,1433
7162,1433/1
7163,1433/2B
7164,1433/3
7165,1433/4B
7166,1434
7167,1434/1
7168,1434/2A
7169,1434/3
7170,1434/4D
7171,1435
7172,1435/1
7173,1435/2C
7174,1435/3
7175,1435/4D
7176,1436
7177,1436/1
7178,1436/2D
7179,1436/3
7180,1436/4C
7181,1437
7182,1437/1
7183,1437/2C
7184,1437/3
7185,1437/4D
7186,1438
7187,1438/1
7188,1438/2C
7189,1438/3
7190,1438/4B
7191,1439
7192,1439/1
7193,1439/2A
7194,1439/3
7195,1439/4C
7196,1440
7197,1440/1
7198,1440/2B
7199,1440/3
7200,1440/4A
7201,1441
7202,1441/1
7203,1441/2C
7204,1441/3
7205,1441/4A
7206,1442
7207,1442/1
7208,1442/2D
7209,1442/3
7210,1442/4C
7211,1443
7212,1443/1
7213,1443/2B
7214,1443/3
7215,1443/4B
7216,1444
7217,1444/1
7218,1444/2A
7219,1444/3
7220,1444/4B
7221,1445
7222,1445/1
7223,1445/2B
7224,1445/3
7225,1445/4C
7226,1446
7227,1446/1
7228,1446/2A
7229,1446/3
7230,1446/4B
7231,1447
7232,1447/1
7233,1447/2D
7234,1447/3
7235,1447/4C
7236,1448
7237,1448/1
7238,1448/2B
7239,1448/3
7240,1448/4B
7241,1449
7242,1449/1
7243,1449/2B
7244,1449/3
7245,1449/4C
7246,1450
7247,1450/1
7248,1450/2C
7249,1450/3
7250,1450/4A
7251,1451
7252,1451/1
7253,1451/2C
7254,1451/3
7255,1451/4B
7256,1452
7257,1452/1
7258,1452/2B
7259,1452/3
7260,1452/4D
7261,1453
7262,1453/1
7263,1453/2C
7264,1453/3
7265,1453/4B
7266,1454
7267,1454/1
7268,1454/2D
7269,1454/3
7270,1454/4A
7271,1455
7272,1455/1
7273,1455/2A
7274,1455/3
7275,1455/4A
7276,1456
7277,1456/1
7278,1456/2B
7279,1456/3
7280,1456/4B
7281,1457
7282,1457/1
7283,1457/2A
7284,1457/3
7285,1457/4D
7286,1458
7287,1458/1
7288,1458/2A
7289,1458/3
7290,1458/4C
7291,1459
7292,1459/1
7293,1459/2B
7294,1459/3
7295,1459/4B
7296,1460
7297,1460/1
7298,1460/2C
7299,1460/3
7300,1460/4B
7301,1461
7302,1461/1
7303,1461/2C
7304,1461/3
7305,1461/4A
7306,1462
7307,1462/1
7308,1462/2A
7309,1462/3
7310,1462/4B
7311,1463
7312,1463/1
7313,1463/2B
7314,1463/3
7315,1463/4A
7316,1464
7317,1464/1
7318,1464/2C
7319,1464/3
7320,1464/4A
7321,1465
7322,1465/1
7323,1465/2C
7324,1465/3
7325,1465/4D
7326,1466
7327,1466/1
7328,1466/2A
7329,1466/3
7330,1466/4C
7331,1467
7332,1467/1
7333,1467/2C
7334,1467/3
7335,1467/4C
7336,1468
7337,1468/1
7338,1468/2B
7339,1468/3
7340,1468/4B
7341,1469
7342,1469/1
7343,1469/2D
7344,1469/3
7345,1469/4D
7346,1470
7347,1470/1
7348,1470/2C
7349,1470/3
7350,1470/4B
7351,1471
7352,1471/1
7353,1471/2C
7354,1471/3
7355,1471/4B
7356,1472
7357,1472/1
7358,1472/2B
7359,1472/3
7360,1472/4D
7361,1473
7362,1473/1
7363,1473/2C
7364,1473/3
7365,1473/4C
7366,1474
7367,1474/1
7368,1474/2B
7369,1474/3
7370,1474/4B
7371,1475
7372,1475/1
7373,1475/2A
7374,1475/3
7375,1475/4D
7376,1476
7377,1476/1
7378,1476/2A
7379,1476/3
7380,1476/4B
7381,1477
7382,1477/1
7383,1477/2C
7384,1477/3
7385,1477/4B
7386,1478
7387,1478/1
7388,1478/2A
7389,1478/3
7390,1478/4D
7391,1479
7392,1479/1
7393,1479/2B
7394,1479/3
7395,1479/4C
7396,1480
7397,1480/1
7398,1480/2A
7399,1480/3
7400,1480/4B
7401,1481
7402,1481/1
7403,1481/2C
7404,1481/3
7405,1481/4C
7406,1482
7407,1482/1
7408,1482/2B
7409,1482/3
7410,1482/4A
7411,1483
7412,1483/1
7413,1483/2C
7414,1483/3
7415,1483/4D
7416,1484
7417,1484/1
7418,1484/2A
7419,1484/3
7420,1484/4C
7421,1485
7422,1485/1
7423,1485/2B
7424,1485/3
7425,1485/4B
7426,1486
7427,1486/1
7428,1486/2A
7429,1486/3
7430,1486/4C
7431,1487
7432,1487/1
7433,1487/2C
7434,1487/3
7435,1487/4A
7436,1488
7437,1488/1
7438,1488/2A
7439,1488/3
7440,1488/4A
7441,1489
7442,1489/1
7443,1489/2D
7444,1489/3
7445,1489/4D
7446,1490
7447,1490/1
7448,1490/2D
7449,1490/3
7450,1490/4B
7451,1491
7452,1491/1
7453,1491/2D
7454,1491/3
7455,1491/4D
7456,1492
7457,1492/1
7458,1492/2D
7459,1492/3
7460,1492/4C
7461,1493
7462,1493/1
7463,1493/2D
7464,1493/3
7465,1493/4A
7466,1494
7467,1494/1
7468,1494/2D
7469,1494/3
7470,1494/4B
7471,1495
7472,1495/1
7473,1495/2B
7474,1495/3
7475,1495/4D
7476,1496
7477,1496/1
7478,1496/2A
7479,1496/3
7480,1496/4A
7481,1497
7482,1497/1
7483,1497/2C
7484,1497/3
7485,1497/4A
7486,1498
7487,1498/1
7488,1498/2C
7489,1498/3
7490,1498/4C
7491,1499
7492,1499/1
7493,1499/2A
7494,1499/3
7495,1499/4A
7496,1500
7497,1500/1
7498,1500/2C
7499,1500/3
7500,1500/4B
7501,1501
7502,1501/1
7503,1501/2D
7504,1501/3
7505,1501/4B
7506,1502
7507,1502/1
7508,1502/2A
7509,1502/3
7510,1502/4A
7511,1503
7512,1503/1
7513,1503/2C
7514,1503/3
7515,1503/4D
7516,1504
7517,1504/1
7518,1504/2A
7519,1504/3
7520,1504/4D
7521,1505
7522,1505/1
7523,1505/2B
7524,1505/3
7525,1505/4D
7526,1506
7527,1506/1
7528,1506/2B
7529,1506/3
7530,1506/4A
7531,1507
7532,1507/1
7533,1507/2A
7534,1507/3
7535,1507/4C
7536,1508
7537,1508/1
7538,1508/2B
7539,1508/3
7540,1508/4B
7541,1509
7542,1509/1
7543,1509/2D
7544,1509/3
7545,1509/4C
7546,1510
7547,1510/1
7548,1510/2C
7549,1510/3
7550,1510/4C
7551,1511
7552,1511/1
7553,1511/2B
7554,1511/3
7555,1511/4A
7556,1512
7557,1512/1
7558,1512/2A
7559,1512/3
7560,1512/4D
7561,1513
7562,1513/1
7563,1513/2D
7564,1513/3
7565,1513/4B
7566,1514
7567,1514/1
7568,1514/2A
7569,1514/3
7570,1514/4C
7571,1515
7572,1515/1
7573,1515/2A
7574,1515/3
7575,1515/4D
7576,1516
7577,1516/1
7578,1516/2A
7579,1516/3
7580,1516/4C
7581,1517
7582,1517/1
7583,1517/2D
7584,1517/3
7585,1517/4B
7586,1518
7587,1518/1
7588,1518/2A
7589,1518/3
7590,1518/4A
7591,1519
7592,1519/1
7593,1519/2B
7594,1519/3
7595,1519/4B
7596,1520
7597,1520/1
7598,1520/2C
7599,1520/3
7600,1520/4A
7601,1521
7602,1521/1
7603,1521/2D
7604,1521/3
7605,1521/4A
7606,1522
7607,1522/1
7608,1522/2C
7609,1522/3
7610,1522/4D
7611,1523
7612,1523/1
7613,1523/2D
7614,1523/3
7615,1523/4D
7616,1524
7617,1524/1
7618,1524/2C
7619,1524/3
7620,1524/4A
7621,1525
7622,1525/1
7623,1525/2D
7624,1525/3
7625,1525/4B
7626,1526
7627,1526/1
7628,1526/2C
7629,1526/3
7630,1526/4D
7631,1527
7632,1527/1
7633,1527/2C
7634,1527/3
7635,1527/4B
7636,1528
7637,1528/1
7638,1528/2D
7639,1528/3
7640,1528/4A
7641,1529
7642,1529/1
7643,1529/2C
7644,1529/3
7645,1529/4D
7646,1530
7647,1530/1
7648,1530/2D
7649,1530/3
7650,1530/4C
7651,1531
7652,1531/1
7653,1531/2B
7654,1531/3
7655,1531/4C
7656,1532
7657,1532/1
7658,1532/2A
7659,1532/3
7660,1532/4B
7661,1533
7662,1533/1
7663,1533/2A
7664,1533/3
7665,1533/4A
7666,1534
7667,1534/1
7668,1534/2C
7669,1534/3
7670,1534/4D
7671,1535
7672,1535/1
7673,1535/2B
7674,1535/3
7675,1535/4A
7676,1536
7677,1536/1
7678,1536/2D
7679,1536/3
7680,1536/4D
7681,1537
7682,1537/1
7683,1537/2D
7684,1537/3
7685,1537/4B
7686,1538
7687,1538/1
7688,1538/2D
7689,1538/3
7690,1538/4C
7691,1539
7692,1539/1
7693,1539/2A
7694,1539/3
7695,1539/4D
7696,1540
7697,1540/1
7698,1540/2A
7699,1540/3
7700,1540/4B
7701,1541
7702,1541/1
7703,1541/2A
7704,1541/3
7705,1541/4D
7706,1542
7707,1542/1
7708,1542/2B
7709,1542/3
7710,1542/4B
7711,1543
7712,1543/1
7713,1543/2B
7714,1543/3
7715,1543/4B
7716,1544
7717,1544/1
7718,1544/2B
7719,1544/3
7720,1544/4A
7721,1545
7722,1545/1
7723,1545/2D
7724,1545/3
7725,1545/4A
7726,1546
7727,1546/1
7728,1546/2D
7729,1546/3
7730,1546/4B
7731,1547
7732,1547/1
7733,1547/2B
7734,1547/3
7735,1547/4C
7736,1548
7737,1548/1
7738,1548/2C
7739,1548/3
7740,1548/4A
7741,1549
7742,1549/1
7743,1549/2A
7744,1549/3
7745,1549/4D
7746,1550
7747,1550/1
7748,1550/2D
7749,1550/3
7750,1550/4C
7751,1551
7752,1551/1
7753,1551/2C
7754,1551/3
7755,1551/4D
7756,1552
7757,1552/1
7758,1552/2A
7759,1552/3
7760,1552/4D
7761,1553
7762,1553/1
7763,1553/2A
7764,1553/3
7765,1553/4D
7766,1554
7767,1554/1
7768,1554/2B
7769,1554/3
7770,1554/4B
7771,1555
7772,1555/1
7773,1555/2A
7774,1555/3
7775,1555/4A
7776,1556
7777,1556/1
7778,1556/2A
7779,1556/3
7780,1556/4C
7781,1557
7782,1557/1
7783,1557/2C
7784,1557/3
7785,1557/4D
7786,1558
7787,1558/1
7788,1558/2C
7789,1558/3
7790,1558/4D
7791,1559
7792,1559/1
7793,1559/2D
7794,1559/3
7795,1559/4D
7796,1560
7797,1560/1
7798,1560/2A
7799,1560/3
7800,1560/4B
7801,1561
7802,1561/1
7803,1561/2C
7804,1561/3
7805,1561/4D
7806,1562
7807,1562/1
7808,1562/2B
7809,1562/3
7810,1562/4D
7811,1563
7812,1563/1
7813,1563/2A
7814,1563/3
7815,1563/4D
7816,1564
7817,1564/1
7818,1564/2C
7819,1564/3
7820,1564/4B
7821,1565
7822,1565/1
7823,1565/2A
7824,1565/3
7825,1565/4D
7826,1566
7827,1566/1
7828,1566/2C
7829,1566/3
7830,1566/4C
7831,1567
7832,1567/1
7833,1567/2A
7834,1567/3
7835,1567/4C
7836,1568
7837,1568/1
7838,1568/2C
7839,1568/3
7840,1568/4C
7841,1569
7842,1569/1
7843,1569/2C
7844,1569/3
7845,1569/4D
7846,1570
7847,1570/1
7848,1570/2A
7849,1570/3
7850,1570/4B
7851,1571
7852,1571/1
7853,1571/2B
7854,1571/3
7855,1571/4C
7856,1572
7857,1572/1
7858,1572/2D
7859,1572/3
7860,1572/4C
7861,1573
7862,1573/1
7863,1573/2C
7864,1573/3
7865,1573/4D
7866,1574
7867,1574/1
7868,1574/2A
7869,1574/3
7870,1574/4B
7871,1575
7872,1575/1
7873,1575/2D
7874,1575/3
7875,1575/4B
7876,1576
7877,1576/1
7878,1576/2D
7879,1576/3
7880,1576/4D
7881,1577
7882,1577/1
7883,1577/2C
7884,1577/3
7885,1577/4A
7886,1578
7887,1578/1
7888,1578/2B
7889,1578/3
7890,1578/4A
7891,1579
7892,1579/1
7893,1579/2C
7894,1579/3
7895,1579/4D
7896,1580
7897,1580/1
7898,1580/2B
7899,1580/3
7900,1580/4A
7901,1581
7902,1581/1
7903,1581/2B
7904,1581/3
7905,1581/4B
7906,1582
7907,1582/1
7908,1582/2B
7909,1582/3
7910,1582/4A
7911,1583
7912,1583/1
7913,1583/2B
7914,1583/3
7915,1583/4A
7916,1584
7917,1584/1
7918,1584/2D
7919,1584/3
7920,1584/4A
7921,1585
7922,1585/1
7923,1585/2C
7924,1585/3
7925,1585/4B
7926,1586
7927,1586/1
7928,1586/2C
7929,1586/3
7930,1586/4C
7931,1587
7932,1587/1
7933,1587/2D
7934,1587/3
7935,1587/4D
7936,1588
7937,1588/1
7938,1588/2A
7939,1588/3
7940,1588/4A
7941,1589
7942,1589/1
7943,1589/2B
7944,1589/3
7945,1589/4C
7946,1590
7947,1590/1
7948,1590/2D
7949,1590/3
7950,1590/4D
7951,1591
7952,1591/1
7953,1591/2B
7954,1591/3
7955,1591/4D
7956,1592
7957,1592/1
7958,1592/2C
7959,1592/3
7960,1592/4C
7961,1593
7962,1593/1
7963,1593/2B
7964,1593/3
7965,1593/4C
7966,1594
7967,1594/1
7968,1594/2A
7969,1594/3
7970,1594/4C
7971,1595
7972,1595/1
7973,1595/2A
7974,1595/3
7975,1595/4D
7976,1596
7977,1596/1
7978,1596/2A
7979,1596/3
7980,1596/4B
7981,1597
7982,1597/1
7983,1597/2B
7984,1597/3
7985,1597/4B
7986,1598
7987,1598/1
7988,1598/2B
7989,1598/3
7990,1598/4B
7991,1599
7992,1599/1
7993,1599/2C
7994,1599/3
7995,1599/4D
7996,1600
7997,1600/1
7998,1600/2A
7999,1600/3
8000,1600/4A
8001,1601
8002,1601/1
8003,1601/2D
8004,1601/3
8005,1601/4B
8006,1602
8007,1602/1
8008,1602/2B
8009,1602/3
8010,1602/4A
8011,1603
8012,1603/1
8013,1603/2B
8014,1603/3
8015,1603/4C
8016,1604
8017,1604/1
8018,1604/2C
8019,1604/3
8020,1604/4C
8021,1605
8022,1605/1
8023,1605/2D
8024,1605/3
8025,1605/4D
8026,1606
8027,1606/1
8028,1606/2C
8029,1606/3
8030,1606/4D
8031,1607
8032,1607/1
8033,1607/2C
8034,1607/3
8035,1607/4B
8036,1608
8037,1608/1
8038,1608/2D
8039,1608/3
8040,1608/4C
8041,1609
8042,1609/1
8043,1609/2D
8044,1609/3
8045,1609/4A
8046,1610
8047,1610/1
8048,1610/2A
8049,1610/3
8050,1610/4C
8051,1611
8052,1611/1
8053,1611/2C
8054,1611/3
8055,1611/4C
8056,1612
8057,1612/1
8058,1612/2A
8059,1612/3
8060,1612/4D
8061,1613
8062,1613/1
8063,1613/2A
8064,1613/3
8065,1613/4C
8066,1614
8067,1614/1
8068,1614/2C
8069,1614/3
8070,1614/4C
8071,1615
8072,1615/1
8073,1615/2C
8074,1615/3
8075,1615/4C
8076,1616
8077,1616/1
8078,1616/2C
8079,1616/3
8080,1616/4B
8081,1617
8082,1617/1
8083,1617/2B
8084,1617/3
8085,1617/4B
8086,1618
8087,1618/1
8088,1618/2A
8089,1618/3
8090,1618/4D
8091,1619
8092,1619/1
8093,1619/2C
8094,1619/3
8095,1619/4B
8096,1620
8097,1620/1
8098,1620/2A
8099,1620/3
8100,1620/4D
8101,1621
8102,1621/1
8103,1621/2C
8104,1621/3
8105,1621/4C
8106,1622
8107,1622/1
8108,1622/2D
8109,1622/3
8110,1622/4D
8111,1623
8112,1623/1
8113,1623/2D
8114,1623/3
8115,1623/4A
8116,1624
8117,1624/1
8118,1624/2B
8119,1624/3
8120,1624/4C
8121,1625
8122,1625/1
8123,1625/2B
8124,1625/3
8125,1625/4D
8126,1626
8127,1626/1
8128,1626/2C
8129,1626/3
8130,1626/4C
8131,1627
8132,1627/1
8133,1627/2B
8134,1627/3
8135,1627/4B
8136,1628
8137,1628/1
8138,1628/2C
8139,1628/3
8140,1628/4A
8141,1629
8142,1629/1
8143,1629/2D
8144,1629/3
8145,1629/4B
8146,1630
8147,1630/1
8148,1630/2C
8149,1630/3
8150,1630/4B
8151,1631
8152,1631/1
8153,1631/2C
8154,1631/3
8155,1631/4A
8156,1632
8157,1632/1
8158,1632/2B
8159,1632/3
8160,1632/4C
8161,1633
8162,1633/1
8163,1633/2B
8164,1633/3
8165,1633/4C
8166,1634
8167,1634/1
8168,1634/2D
8169,1634/3
8170,1634/4C
8171,1635
8172,1635/1
8173,1635/2C
8174,1635/3
8175,1635/4C
8176,1636
8177,1636/1
8178,1636/2C
8179,1636/3
8180,1636/4D
8181,1637
8182,1637/1
8183,1637/2A
8184,1637/3
8185,1637/4D
8186,1638
8187,1638/1
8188,1638/2A
8189,1638/3
8190,1638/4A
8191,1639
8192,1639/1
8193,1639/2D
8194,1639/3
8195,1639/4B
8196,1640
8197,1640/1
8198,1640/2A
8199,1640/3
8200,1640/4D
8201,1641
8202,1641/1
8203,1641/2C
8204,1641/3
8205,1641/4D
8206,1642
8207,1642/1
8208,1642/2A
8209,1642/3
8210,1642/4B
8211,1643
8212,1643/1
8213,1643/2B
8214,1643/3
8215,1643/4B
8216,1644
8217,1644/1
8218,1644/2C
8219,1644/3
8220,1644/4D
8221,1645
8222,1645/1
8223,1645/2D
8224,1645/3
8225,1645/4B
8226,1646
8227,1646/1
8228,1646/2C
8229,1646/3
8230,1646/4B
8231,1647
8232,1647/1
8233,1647/2A
8234,1647/3
8235,1647/4D
8236,1648
8237,1648/1
8238,1648/2C
8239,1648/3
8240,1648/4B
8241,1649
8242,1649/1
8243,1649/2C
8244,1649/3
8245,1649/4A
8246,1650
8247,1650/1
8248,1650/2A
8249,1650/3
8250,1650/4D
8251,1651
8252,1651/1
8253,1651/2C
8254,1651/3
8255,1651/4B
8256,1652
8257,1652/1
8258,1652/2B
8259,1652/3
8260,1652/4B
8261,1653
8262,1653/1
8263,1653/2D
8264,1653/3
8265,1653/4A
8266,1654
8267,1654/1
8268,1654/2B
8269,1654/3
8270,1654/4D
8271,1655
8272,1655/1
8273,1655/2D
8274,1655/3
8275,1655/4D
8276,1656
8277,1656/1
8278,1656/2D
8279,1656/3
8280,1656/4D
8281,1657
8282,1657/1
8283,1657/2D
8284,1657/3
8285,1657/4A
8286,1658
8287,1658/1
8288,1658/2A
8289,1658/3
8290,1658/4B
8291,1659
8292,1659/1
8293,1659/2C
8294,1659/3
8295,1659/4A
8296,1660
8297,1660/1
8298,1660/2C
8299,1660/3
8300,1660/4B
8301,1661
8302,1661/1
8303,1661/2A
8304,1661/3
8305,1661/4A
8306,1662
8307,1662/1
8308,1662/2B
8309,1662/3
8310,1662/4B
8311,1663
8312,1663/1
8313,1663/2C
8314,1663/3
8315,1663/4C
8316,1664
8317,1664/1
8318,1664/2B
8319,1664/3
8320,1664/4A
8321,1665
8322,1665/1
8323,1665/2D
8324,1665/3
8325,1665/4C
8326,1666
8327,1666/1
8328,1666/2B
8329,1666/3
8330,1666/4A
8331,1667
8332,1667/1
8333,1667/2A
8334,1667/3
8335,1667/4C
8336,1668
8337,1668/1
8338,1668/2C
8339,1668/3
8340,1668/4D
8341,1669
8342,1669/1
8343,1669/2C
8344,1669/3
8345,1669/4D
8346,1670
8347,1670/1
8348,1670/2B
8349,1670/3
8350,1670/4C
8351,1671
8352,1671/1
8353,1671/2D
8354,1671/3
8355,1671/4C
8356,1672
8357,1672/1
8358,1672/2B
8359,1672/3
8360,1672/4B
8361,1673
8362,1673/1
8363,1673/2D
8364,1673/3
8365,1673/4A
8366,1674
8367,1674/1
8368,1674/2B
8369,1674/3
8370,1674/4B
8371,1675
8372,1675/1
8373,1675/2B
8374,1675/3
8375,1675/4B
8376,1676
8377,1676/1
8378,1676/2A
8379,1676/3
8380,1676/4B
8381,1677
8382,1677/1
8383,1677/2A
8384,1677/3
8385,1677/4C
8386,1678
8387,1678/1
8388,1678/2A
8389,1678/3
8390,1678/4D
8391,1679
8392,1679/1
8393,1679/2C
8394,1679/3
8395,1679/4A
8396,1680
8397,1680/1
8398,1680/2A
8399,1680/3
8400,1680/4A
8401,1681
8402,1681/1
8403,1681/2A
8404,1681/3
8405,1681/4A
8406,1682
8407,1682/1
8408,1682/2A
8409,1682/3
8410,1682/4D
8411,1683
8412,1683/1
8413,1683/2D
8414,1683/3
8415,1683/4D
8416,1684
8417,1684/1
8418,1684/2A
8419,1684/3
8420,1684/4C
8421,1685
8422,1685/1
8423,1685/2D
8424,1685/3
8425,1685/4B
8426,1686
8427,1686/1
8428,1686/2B
8429,1686/3
8430,1686/4A
8431,1687
8432,1687/1
8433,1687/2C
8434,1687/3
8435,1687/4D
8436,1688
8437,1688/1
8438,1688/2A
8439,1688/3
8440,1688/4C
8441,1689
8442,1689/1
8443,1689/2B
8444,1689/3
8445,1689/4D
8446,1690
8447,1690/1
8448,1690/2A
8449,1690/3
8450,1690/4A
8451,1691
8452,1691/1
8453,1691/2C
8454,1691/3
8455,1691/4A
8456,1692
8457,1692/1
8458,1692/2A
8459,1692/3
8460,1692/4D
8461,1693
8462,1693/1
8463,1693/2B
8464,1693/3
8465,1693/4B
8466,1694
8467,1694/1
8468,1694/2C
8469,1694/3
8470,1694/4B
8471,1695
8472,1695/1
8473,1695/2C
8474,1695/3
8475,1695/4D
8476,1696
8477,1696/1
8478,1696/2C
8479,1696/3
8480,1696/4B
8481,1697
8482,1697/1
8483,1697/2A
8484,1697/3
8485,1697/4D
8486,1698
8487,1698/1
8488,1698/2B
8489,1698/3
8490,1698/4D
8491,1699
8492,1699/1
8493,1699/2C
8494,1699/3
8495,1699/4B
8496,1700
8497,1700/1
8498,1700/2A
8499,1700/3
8500,1700/4A
8501,1701
8502,1701/1
8503,1701/2A
8504,1701/3
8505,1701/4A
8506,1702
8507,1702/1
8508,1702/2D
8509,1702/3
8510,1702/4B
8511,1703
8512,1703/1
8513,1703/2A
8514,1703/3
8515,1703/4A
8516,1704
8517,1704/1
8518,1704/2A
8519,1704/3
8520,1704/4C
8521,1705
8522,1705/1
8523,1705/2B
8524,1705/3
8525,1705/4D
8526,1706
8527,1706/1
8528,1706/2C
8529,1706/3
8530,1706/4C
8531,1707
8532,1707/1
8533,1707/2D
8534,1707/3
8535,1707/4A
8536,1708
8537,1708/1
8538,1708/2A
8539,1708/3
8540,1708/4B
8541,1709
8542,1709/1
8543,1709/2A
8544,1709/3
8545,1709/4C
8546,1710
8547,1710/1
8548,1710/2C
8549,1710/3
8550,1710/4C
8551,1711
8552,1711/1
8553,1711/2D
8554,1711/3
8555,1711/4A
8556,1712
8557,1712/1
8558,1712/2A
8559,1712/3
8560,1712/4A
8561,1713
8562,1713/1
8563,1713/2A
8564,1713/3
8565,1713/4B
8566,1714
8567,1714/1
8568,1714/2B
8569,1714/3
8570,1714/4C
8571,1715
8572,1715/1
8573,1715/2C
8574,1715/3
8575,1715/4D
8576,1716
8577,1716/1
8578,1716/2C
8579,1716/3
8580,1716/4A
8581,1717
8582,1717/1
8583,1717/2C
8584,1717/3
8585,1717/4C
8586,1718
8587,1718/1
8588,1718/2B
8589,1718/3
8590,1718/4A
8591,1719
8592,1719/1
8593,1719/2D
8594,1719/3
8595,1719/4D
8596,1720
8597,1720/1
8598,1720/2D
8599,1720/3
8600,1720/4C
8601,1721
8602,1721/1
8603,1721/2D
8604,1721/3
8605,1721/4D
8606,1722
8607,1722/1
8608,1722/2D
8609,1722/3
8610,1722/4B
8611,1723
8612,1723/1
8613,1723/2A
8614,1723/3
8615,1723/4B
8616,1724
8617,1724/1
8618,1724/2A
8619,1724/3
8620,1724/4B
8621,1725
8622,1725/1
8623,1725/2A
8624,1725/3
8625,1725/4D
8626,1726
8627,1726/1
8628,1726/2D
8629,1726/3
8630,1726/4D
8631,1727
8632,1727/1
8633,1727/2B
8634,1727/3
8635,1727/4D
8636,1728
8637,1728/1
8638,1728/2C
8639,1728/3
8640,1728/4A
8641,1729
8642,1729/1
8643,1729/2B
8644,1729/3
8645,1729/4D
8646,1730
8647,1730/1
8648,1730/2D
8649,1730/3
8650,1730/4A
8651,1731
8652,1731/1
8653,1731/2D
8654,1731/3
8655,1731/4D
8656,1732
8657,1732/1
8658,1732/2A
8659,1732/3
8660,1732/4A
8661,1733
8662,1733/1
8663,1733/2C
8664,1733/3
8665,1733/4C
8666,1734
8667,1734/1
8668,1734/2A
8669,1734/3
8670,1734/4B
8671,1735
8672,1735/1
8673,1735/2C
8674,1735/3
8675,1735/4A
8676,1736
8677,1736/1
8678,1736/2D
8679,1736/3
8680,1736/4B
8681,1737
8682,1737/1
8683,1737/2D
8684,1737/3
8685,1737/4C
8686,1738
8687,1738/1
8688,1738/2D
8689,1738/3
8690,1738/4B
8691,1739
8692,1739/1
8693,1739/2A
8694,1739/3
8695,1739/4A
8696,1740
8697,1740/1
8698,1740/2B
8699,1740/3
8700,1740/4D
8701,1741
8702,1741/1
8703,1741/2D
8704,1741/3
8705,1741/4B
8706,1742
8707,1742/1
8708,1742/2A
8709,1742/3
8710,1742/4D
8711,1743
8712,1743/1
8713,1743/2C
8714,1743/3
8715,1743/4B
8716,1744
8717,1744/1
8718,1744/2C
8719,1744/3
8720,1744/4C
8721,1745
8722,1745/1
8723,1745/2A
8724,1745/3
8725,1745/4B
8726,1746
8727,1746/1
8728,1746/2D
8729,1746/3
8730,1746/4D
8731,1747
8732,1747/1
8733,1747/2B
8734,1747/3
8735,1747/4A
8736,1748
8737,1748/1
8738,1748/2D
8739,1748/3
8740,1748/4D
8741,1749
8742,1749/1
8743,1749/2D
8744,1749/3
8745,1749/4A
8746,1750
8747,1750/1
8748,1750/2D
8749,1750/3
8750,1750/4D
8751,1751
8752,1751/1
8753,1751/2C
8754,1751/3
8755,1751/4A
8756,1752
8757,1752/1
8758,1752/2D
8759,1752/3
8760,1752/4A
8761,1753
8762,1753/1
8763,1753/2A
8764,1753/3
8765,1753/4D
8766,1754
8767,1754/1
8768,1754/2D
8769,1754/3
8770,1754/4A
8771,1755
8772,1755/1
8773,1755/2A
8774,1755/3
8775,1755/4A
8776,1756
8777,1756/1
8778,1756/2C
8779,1756/3
8780,1756/4B
8781,1757
8782,1757/1
8783,1757/2D
8784,1757/3
8785,1757/4C
8786,1758
8787,1758/1
8788,1758/2C
8789,1758/3
8790,1758/4A
8791,1759
8792,1759/1
8793,1759/2B
8794,1759/3
8795,1759/4D
8796,1760
8797,1760/1
8798,1760/2C
8799,1760/3
8800,1760/4D
8801,1761
8802,1761/1
8803,1761/2C
8804,1761/3
8805,1761/4D
8806,1762
8807,1762/1
8808,1762/2A
8809,1762/3
8810,1762/4A
8811,1763
8812,1763/1
8813,1763/2B
8814,1763/3
8815,1763/4A
8816,1764
8817,1764/1
8818,1764/2C
8819,1764/3
8820,1764/4C
8821,1765
8822,1765/1
8823,1765/2C
8824,1765/3
8825,1765/4C
8826,1766
8827,1766/1
8828,1766/2A
8829,1766/3
8830,1766/4A
8831,1767
8832,1767/1
8833,1767/2B
8834,1767/3
8835,1767/4D
8836,1768
8837,1768/1
8838,1768/2B
8839,1768/3
8840,1768/4D
8841,1769
8842,1769/1
8843,1769/2A
8844,1769/3
8845,1769/4C
8846,1770
8847,1770/1
8848,1770/2B
8849,1770/3
8850,1770/4B
8851,1771
8852,1771/1
8853,1771/2A
8854,1771/3
8855,1771/4D
8856,1772
8857,1772/1
8858,1772/2B
8859,1772/3
8860,1772/4D
8861,1773
8862,1773/1
8863,1773/2B
8864,1773/3
8865,1773/4C
8866,1774
8867,1774/1
8868,1774/2A
8869,1774/3
8870,1774/4D
8871,1775
8872,1775/1
8873,1775/2A
8874,1775/3
8875,1775/4A
8876,1776
8877,1776/1
8878,1776/2D
8879,1776/3
8880,1776/4D
8881,1777
8882,1777/1
8883,1777/2B
8884,1777/3
8885,1777/4D
8886,1778
8887,1778/1
8888,1778/2A
8889,1778/3
8890,1778/4A
8891,1779
8892,1779/1
8893,1779/2D
8894,1779/3
8895,1779/4D
8896,1780
8897,1780/1
8898,1780/2B
8899,1780/3
8900,1780/4B
8901,1781
8902,1781/1
8903,1781/2B
8904,1781/3
8905,1781/4A
8906,1782
8907,1782/1
8908,1782/2D
8909,1782/3
8910,1782/4C
8911,1783
8912,1783/1
8913,1783/2D
8914,1783/3
8915,1783/4D
8916,1784
8917,1784/1
8918,1784/2B
8919,1784/3
8920,1784/4C
8921,1785
8922,1785/1
8923,1785/2D
8924,1785/3
8925,1785/4C
8926,1786
8927,1786/1
8928,1786/2C
8929,1786/3
8930,1786/4D
8931,1787
8932,1787/1
8933,1787/2B
8934,1787/3
8935,1787/4B
8936,1788
8937,1788/1
8938,1788/2D
8939,1788/3
8940,1788/4C
8941,1789
8942,1789/1
8943,1789/2C
8944,1789/3
8945,1789/4B
8946,1790
8947,1790/1
8948,1790/2B
8949,1790/3
8950,1790/4B
8951,1791
8952,1791/1
8953,1791/2C
8954,1791/3
8955,1791/4C
8956,1792
8957,1792/1
8958,1792/2B
8959,1792/3
8960,1792/4B
8961,1793
8962,1793/1
8963,1793/2C
8964,1793/3
8965,1793/4A
8966,1794
8967,1794/1
8968,1794/2C
8969,1794/3
8970,1794/4D
8971,1795
8972,1795/1
8973,1795/2D
8974,1795/3
8975,1795/4C
8976,1796
8977,1796/1
8978,1796/2D
8979,1796/3
8980,1796/4A
8981,1797
8982,1797/1
8983,1797/2A
8984,1797/3
8985,1797/4A
8986,1798
8987,1798/1
8988,1798/2D
8989,1798/3
8990,1798/4B
8991,1799
8992,1799/1
8993,1799/2A
8994,1799/3
8995,1799/4A
8996,1800
8997,1800/1
8998,1800/2B
8999,1800/3
9000,1800/4C
9001,1801
9002,1801/1
9003,1801/2B
9004,1801/3
9005,1801/4C
9006,1802
9007,1802/1
9008,1802/2C
9009,1802/3
9010,1802/4B
9011,1803
9012,1803/1
9013,1803/2A
9014,1803/3
9015,1803/4C
9016,1804
9017,1804/1
9018,1804/2B
9019,1804/3
9020,1804/4A
9021,1805
9022,1805/1
9023,1805/2C
9024,1805/3
9025,1805/4D
9026,1806
9027,1806/1
9028,1806/2A
9029,1806/3
9030,1806/4B
9031,1807
9032,1807/1
9033,1807/2D
9034,1807/3
9035,1807/4B
9036,1808
9037,1808/1
9038,1808/2C
9039,1808/3
9040,1808/4A
9041,1809
9042,1809/1
9043,1809/2D
9044,1809/3
9045,1809/4D
9046,1810
9047,1810/1
9048,1810/2D
9049,1810/3
9050,1810/4C
9051,1811
9052,1811/1
9053,1811/2A
9054,1811/3
9055,1811/4A
9056,1812
9057,1812/1
9058,1812/2C
9059,1812/3
9060,1812/4B
9061,1813
9062,1813/1
9063,1813/2D
9064,1813/3
9065,1813/4B
9066,1814
9067,1814/1
9068,1814/2C
9069,1814/3
9070,1814/4B
9071,1815
9072,1815/1
9073,1815/2B
9074,1815/3
9075,1815/4C
9076,1816
9077,1816/1
9078,1816/2D
9079,1816/3
9080,1816/4B
9081,1817
9082,1817/1
9083,1817/2A
9084,1817/3
9085,1817/4B
9086,1818
9087,1818/1
9088,1818/2B
9089,1818/3
9090,1818/4A
9091,1819
9092,1819/1
9093,1819/2D
9094,1819/3
9095,1819/4A
9096,1820
9097,1820/1
9098,1820/2D
9099,1820/3
9100,1820/4C
9101,1821
9102,1821/1
9103,1821/2C
9104,1821/3
9105,1821/4B
9106,1822
9107,1822/1
9108,1822/2B
9109,1822/3
9110,1822/4C
9111,1823
9112,1823/1
9113,1823/2A
9114,1823/3
9115,1823/4C
9116,1824
9117,1824/1
9118,1824/2D
9119,1824/3
9120,1824/4B
9121,1825
9122,1825/1
9123,1825/2A
9124,1825/3
9125,1825/4B
9126,1826
9127,1826/1
9128,1826/2C
9129,1826/3
9130,1826/4A
9131,1827
9132,1827/1
9133,1827/2C
9134,1827/3
9135,1827/4D
9136,1828
9137,1828/1
9138,1828/2C
9139,1828/3
9140,1828/4A
9141,1829
9142,1829/1
9143,1829/2C
9144,1829/3
9145,1829/4B
9146,1830
9147,1830/1
9148,1830/2B
9149,1830/3
9150,1830/4A
9151,1831
9152,1831/1
9153,1831/2B
9154,1831/3
9155,1831/4D
9156,1832
9157,1832/1
9158,1832/2D
9159,1832/3
9160,1832/4A
9161,1833
9162,1833/1
9163,1833/2C
9164,1833/3
9165,1833/4B
9166,1834
9167,1834/1
9168,1834/2B
9169,1834/3
9170,1834/4C
9171,1835
9172,1835/1
9173,1835/2C
9174,1835/3
9175,1835/4C
9176,1836
9177,1836/1
9178,1836/2C
9179,1836/3
9180,1836/4B
9181,1837
9182,1837/1
9183,1837/2D
9184,1837/3
9185,1837/4A
9186,1838
9187,1838/1
9188,1838/2A
9189,1838/3
9190,1838/4C
9191,1839
9192,1839/1
9193,1839/2D
9194,1839/3
9195,1839/4B
9196,1840
9197,1840/1
9198,1840/2B
9199,1840/3
9200,1840/4A
9201,1841
9202,1841/1
9203,1841/2C
9204,1841/3
9205,1841/4D
9206,1842
9207,1842/1
9208,1842/2A
9209,1842/3
9210,1842/4D
9211,1843
9212,1843/1
9213,1843/2C
9214,1843/3
9215,1843/4C
9216,1844
9217,1844/1
9218,1844/2A
9219,1844/3
9220,1844/4C
9221,1845
9222,1845/1
9223,1845/2D
9224,1845/3
9225,1845/4D
9226,1846
9227,1846/1
9228,1846/2A
9229,1846/3
9230,1846/4C
9231,1847
9232,1847/1
9233,1847/2B
9234,1847/3
9235,1847/4C
9236,1848
9237,1848/1
9238,1848/2A
9239,1848/3
9240,1848/4A
9241,1849
9242,1849/1
9243,1849/2B
9244,1849/3
9245,1849/4A
9246,1850
9247,1850/1
9248,1850/2A
9249,1850/3
9250,1850/4B
9251,1851
9252,1851/1
9253,1851/2B
9254,1851/3
9255,1851/4D
9256,1852
9257,1852/1
9258,1852/2A
9259,1852/3
9260,1852/4B
9261,1853
9262,1853/1
9263,1853/2D
9264,1853/3
9265,1853/4A
9266,1854
9267,1854/1
9268,1854/2B
9269,1854/3
9270,1854/4A
9271,1855
9272,1855/1
9273,1855/2D
9274,1855/3
9275,1855/4C
9276,1856
9277,1856/1
9278,1856/2A
9279,1856/3
9280,1856/4A
9281,1857
9282,1857/1
9283,1857/2A
9284,1857/3
9285,1857/4A
9286,1858
9287,1858/1
9288,1858/2B
9289,1858/3
9290,1858/4C
9291,1859
9292,1859/1
9293,1859/2A
9294,1859/3
9295,1859/4B
9296,1860
9297,1860/1
9298,1860/2C
9299,1860/3
9300,1860/4D
9301,1861
9302,1861/1
9303,1861/2D
9304,1861/3
9305,1861/4D
9306,1862
9307,1862/1
9308,1862/2D
9309,1862/3
9310,1862/4D
9311,1863
9312,1863/1
9313,1863/2C
9314,1863/3
9315,1863/4A
9316,1864
9317,1864/1
9318,1864/2D
9319,1864/3
9320,1864/4A
9321,1865
9322,1865/1
9323,1865/2A
9324,1865/3
9325,1865/4A
9326,1866
9327,1866/1
9328,1866/2A
9329,1866/3
9330,1866/4A
9331,1867
9332,1867/1
9333,1867/2C
9334,1867/3
9335,1867/4A
9336,1868
9337,1868/1
9338,1868/2C
9339,1868/3
9340,1868/4C
9341,1869
9342,1869/1
9343,1869/2A
9344,1869/3
9345,1869/4C
9346,1870
9347,1870/1
9348,1870/2D
9349,1870/3
9350,1870/4D
9351,1871
9352,1871/1
9353,1871/2D
9354,1871/3
9355,1871/4A
9356,1872
9357,1872/1
9358,1872/2D
9359,1872/3
9360,1872/4B
9361,1873
9362,1873/1
9363,1873/2B
9364,1873/3
9365,1873/4B
9366,1874
9367,1874/1
9368,1874/2D
9369,1874/3
9370,1874/4C
9371,1875
9372,1875/1
9373,1875/2B
9374,1875/3
9375,1875/4C
9376,1876
9377,1876/1
9378,1876/2C
9379,1876/3
9380,1876/4A
9381,1877
9382,1877/1
9383,1877/2B
9384,1877/3
9385,1877/4A
9386,1878
9387,1878/1
9388,1878/2A
9389,1878/3
9390,1878/4A
9391,1879
9392,1879/1
9393,1879/2D
9394,1879/3
9395,1879/4A
9396,1880
9397,1880/1
9398,1880/2C
9399,1880/3
9400,1880/4B
9401,1881
9402,1881/1
9403,1881/2C
9404,1881/3
9405,1881/4B
9406,1882
9407,1882/1
9408,1882/2D
9409,1882/3
9410,1882/4B
9411,1883
9412,1883/1
9413,1883/2B
9414,1883/3
9415,1883/4B
9416,1884
9417,1884/1
9418,1884/2B
9419,1884/3
9420,1884/4C
9421,1885
9422,1885/1
9423,1885/2B
9424,1885/3
9425,1885/4A
9426,1886
9427,1886/1
9428,1886/2B
9429,1886/3
9430,1886/4A
9431,1887
9432,1887/1
9433,1887/2D
9434,1887/3
9435,1887/4A
9436,1888
9437,1888/1
9438,1888/2C
9439,1888/3
9440,1888/4A
9441,1889
9442,1889/1
9443,1889/2C
9444,1889/3
9445,1889/4A
9446,1890
9447,1890/1
9448,1890/2B
9449,1890/3
9450,1890/4D
9451,1891
9452,1891/1
9453,1891/2C
9454,1891/3
9455,1891/4C
9456,1892
9457,1892/1
9458,1892/2B
9459,1892/3
9460,1892/4B
9461,1893
9462,1893/1
9463,1893/2A
9464,1893/3
9465,1893/4C
9466,1894
9467,1894/1
9468,1894/2A
9469,1894/3
9470,1894/4B
9471,1895
9472,1895/1
9473,1895/2C
9474,1895/3
9475,1895/4D
9476,1896
9477,1896/1
9478,1896/2D
9479,1896/3
9480,1896/4C
9481,1897
9482,1897/1
9483,1897/2C
9484,1897/3
9485,1897/4B
9486,1898
9487,1898/1
9488,1898/2C
9489,1898/3
9490,1898/4C
9491,1899
9492,1899/1
9493,1899/2D
9494,1899/3
9495,1899/4B
9496,1900
9497,1900/1
9498,1900/2A
9499,1900/3
9500,1900/4C
9501,1901
9502,1901/1
9503,1901/2B
9504,1901/3
9505,1901/4B
9506,1902
9507,1902/1
9508,1902/2D
9509,1902/3
9510,1902/4C
9511,1903
9512,1903/1
9513,1903/2C
9514,1903/3
9515,1903/4B
9516,1904
9517,1904/1
9518,1904/2C
9519,1904/3
9520,1904/4D
9521,1905
9522,1905/1
9523,1905/2D
9524,1905/3
9525,1905/4D
9526,1906
9527,1906/1
9528,1906/2C
9529,1906/3
9530,1906/4C
9531,1907
9532,1907/1
9533,1907/2D
9534,1907/3
9535,1907/4A
9536,1908
9537,1908/1
9538,1908/2B
9539,1908/3
9540,1908/4A
9541,1909
9542,1909/1
9543,1909/2C
9544,1909/3
9545,1909/4B
9546,1910
9547,1910/1
9548,1910/2B
9549,1910/3
9550,1910/4C
9551,1911
9552,1911/1
9553,1911/2A
9554,1911/3
9555,1911/4A
9556,1912
9557,1912/1
9558,1912/2A
9559,1912/3
9560,1912/4A
9561,1913
9562,1913/1
9563,1913/2D
9564,1913/3
9565,1913/4B
9566,1914
9567,1914/1
9568,1914/2A
9569,1914/3
9570,1914/4C
9571,1915
9572,1915/1
9573,1915/2D
9574,1915/3
9575,1915/4B
9576,1916
9577,1916/1
9578,1916/2C
9579,1916/3
9580,1916/4D
9581,1917
9582,1917/1
9583,1917/2B
9584,1917/3
9585,1917/4C
9586,1918
9587,1918/1
9588,1918/2B
9589,1918/3
9590,1918/4D
9591,1919
9592,1919/1
9593,1919/2A
9594,1919/3
9595,1919/4D
9596,1920
9597,1920/1
9598,1920/2C
9599,1920/3
9600,1920/4A
9601,1921
9602,1921/1
9603,1921/2B
9604,1921/3
9605,1921/4B
9606,1922
9607,1922/1
9608,1922/2B
9609,1922/3
9610,1922/4D
9611,1923
9612,1923/1
9613,1923/2B
9614,1923/3
9615,1923/4B
9616,1924
9617,1924/1
9618,1924/2B
9619,1924/3
9620,1924/4D
9621,1925
9622,1925/1
9623,1925/2C
9624,1925/3
9625,1925/4A
9626,1926
9627,1926/1
9628,1926/2B
9629,1926/3
9630,1926/4D
9631,1927
9632,1927/1
9633,1927/2B
9634,1927/3
9635,1927/4A
9636,1928
9637,1928/1
9638,1928/2C
9639,1928/3
9640,1928/4C
9641,1929
9642,1929/1
9643,1929/2B
9644,1929/3
9645,1929/4A
9646,1930
9647,1930/1
9648,1930/2B
9649,1930/3
9650,1930/4C
9651,1931
9652,1931/1
9653,1931/2D
9654,1931/3
9655,1931/4D
9656,1932
9657,1932/1
9658,1932/2D
9659,1932/3
9660,1932/4A
9661,1933
9662,1933/1
9663,1933/2A
9664,1933/3
9665,1933/4C
9666,1934
9667,1934/1
9668,1934/2A
9669,1934/3
9670,1934/4C
9671,1935
9672,1935/1
9673,1935/2C
9674,1935/3
9675,1935/4B
9676,1936
9677,1936/1
9678,1936/2D
9679,1936/3
9680,1936/4D
9681,1937
9682,1937/1
9683,1937/2C
9684,1937/3
9685,1937/4A
9686,1938
9687,1938/1
9688,1938/2C
9689,1938/3
9690,1938/4D
9691,1939
9692,1939/1
9693,1939/2B
9694,1939/3
9695,1939/4D
9696,1940
9697,1940/1
9698,1940/2C
9699,1940/3
9700,1940/4C
9701,1941
9702,1941/1
9703,1941/2D
9704,1941/3
9705,1941/4D
9706,1942
9707,1942/1
9708,1942/2A
9709,1942/3
9710,1942/4B
9711,1943
9712,1943/1
9713,1943/2D
9714,1943/3
9715,1943/4B
9716,1944
9717,1944/1
9718,1944/2B
9719,1944/3
9720,1944/4A
9721,1945
9722,1945/1
9723,1945/2C
9724,1945/3
9725,1945/4B
9726,1946
9727,1946/1
9728,1946/2B
9729,1946/3
9730,1946/4B
9731,1947
9732,1947/1
9733,1947/2B
9734,1947/3
9735,1947/4C
9736,1948
9737,1948/1
9738,1948/2A
9739,1948/3
9740,1948/4B
9741,1949
9742,1949/1
9743,1949/2D
9744,1949/3
9745,1949/4C
9746,1950
9747,1950/1
9748,1950/2A
9749,1950/3
9750,1950/4D
9751,1951
9752,1951/1
9753,1951/2D
9754,1951/3
9755,1951/4D
9756,1952
9757,1952/1
9758,1952/2B
9759,1952/3
9760,1952/4B
9761,1953
9762,1953/1
9763,1953/2D
9764,1953/3
9765,1953/4A
9766,1954
9767,1954/1
9768,1954/2B
9769,1954/3
9770,1954/4A
9771,1955
9772,1955/1
9773,1955/2B
9774,1955/3
9775,1955/4B
9776,1956
9777,1956/1
9778,1956/2B
9779,1956/3
9780,1956/4A
9781,1957
9782,1957/1
9783,1957/2B
9784,1957/3
9785,1957/4A
9786,1958
9787,1958/1
9788,1958/2B
9789,1958/3
9790,1958/4C
9791,1959
9792,1959/1
9793,1959/2B
9794,1959/3
9795,1959/4D
9796,1960
9797,1960/1
9798,1960/2A
9799,1960/3
9800,1960/4C
9801,1961
9802,1961/1
9803,1961/2A
9804,1961/3
9805,1961/4B
9806,1962
9807,1962/1
9808,1962/2D
9809,1962/3
9810,1962/4D
9811,1963
9812,1963/1
9813,1963/2D
9814,1963/3
9815,1963/4B
9816,1964
9817,1964/1
9818,1964/2B
9819,1964/3
9820,1964/4D
9821,1965
9822,1965/1
9823,1965/2B
9824,1965/3
9825,1965/4B
9826,1966
9827,1966/1
9828,1966/2C
9829,1966/3
9830,1966/4B
9831,1967
9832,1967/1
9833,1967/2C
9834,1967/3
9835,1967/4D
9836,1968
9837,1968/1
9838,1968/2A
9839,1968/3
9840,1968/4B
9841,1969
9842,1969/1
9843,1969/2D
9844,1969/3
9845,1969/4D
9846,1970
9847,1970/1
9848,1970/2B
9849,1970/3
9850,1970/4A
9851,1971
9852,1971/1
9853,1971/2A
9854,1971/3
9855,1971/4B
9856,1972
9857,1972/1
9858,1972/2D
9859,1972/3
9860,1972/4B
9861,1973
9862,1973/1
9863,1973/2A
9864,1973/3
9865,1973/4B
9866,1974
9867,1974/1
9868,1974/2D
9869,1974/3
9870,1974/4A
9871,1975
9872,1975/1
9873,1975/2A
9874,1975/3
9875,1975/4A
9876,1976
9877,1976/1
9878,1976/2D
9879,1976/3
9880,1976/4B
9881,1977
9882,1977/1
9883,1977/2A
9884,1977/3
9885,1977/4D
9886,1978
9887,1978/1
9888,1978/2D
9889,1978/3
9890,1978/4C
9891,1979
9892,1979/1
9893,1979/2A
9894,1979/3
9895,1979/4D
9896,1980
9897,1980/1
9898,1980/2B
9899,1980/3
9900,1980/4D
9901,1981
9902,1981/1
9903,1981/2D
9904,1981/3
9905,1981/4C
9906,1982
9907,1982/1
9908,1982/2A
9909,1982/3
9910,1982/4D
9911,1983
9912,1983/1
9913,1983/2B
9914,1983/3
9915,1983/4C
9916,1984
9917,1984/1
9918,1984/2D
9919,1984/3
9920,1984/4B
9921,1985
9922,1985/1
9923,1985/2A
9924,1985/3
9925,1985/4C
9926,1986
9927,1986/1
9928,1986/2D
9929,1986/3
9930,1986/4C
9931,1987
9932,1987/1
9933,1987/2B
9934,1987/3
9935,1987/4A
9936,1988
9937,1988/1
9938,1988/2A
9939,1988/3
9940,1988/4A
9941,1989
9942,1989/1
9943,1989/2A
9944,1989/3
9945,1989/4D
9946,1990
9947,1990/1
9948,1990/2B
9949,1990/3
9950,1990/4C
9951,1991
9952,1991/1
9953,1991/2D
9954,1991/3
9955,1991/4C
9956,1992
9957,1992/1
9958,1992/2A
9959,1992/3
9960,1992/4B
9961,1993
9962,1993/1
9963,1993/2D
9964,1993/3
9965,1993/4C
9966,1994
9967,1994/1
9968,1994/2C
9969,1994/3
9970,1994/4D
9971,1995
9972,1995/1
9973,1995/2C
9974,1995/3
9975,1995/4C
9976,1996
9977,1996/1
9978,1996/2D
9979,1996/3
9980,1996/4B
9981,1997
9982,1997/1
9983,1997/2D
9984,1997/3
9985,1997/4D
9986,1998
9987,1998/1
9988,1998/2B
9989,1998/3
9990,1998/4C
9991,1999
9992,1999/1
9993,1999/2D
9994,1999/3
9995,1999/4C
9996,2000
9997,2000/1
9998,2000/2C
9999,2000/3
10000,2000/4C
